time,pm10,pm2_5,carbon_monoxide,nitrogen_dioxide,sulphur_dioxide,ozone,temperature_2m,relative_humidity_2m,windspeed_10m,winddirection_10m,surface_pressure,precipitation,cloudcover
2026-08-28T00:00,174.2,173.7,2980.0,131.7,81.2,1.0,26.6,81,2.2,48,1012.4,0.0,27
2026-08-28T01:00,175.1,174.2,3377.0,129.1,80.8,0.0,26.2,81,3.1,135,1012.0,0.0,16
2026-08-28T02:00,178.3,177.9,2780.0,123.4,76.8,0.0,25.8,84,3.6,162,1011.3,0.0,7
2026-08-28T03:00,183.9,183.5,1726.0,114.9,70.7,0.0,25.5,85,3.8,183,1010.8,0.0,16
2026-08-28T04:00,174.6,173.2,1106.0,106.4,66.9,0.0,25.3,86,3.6,210,1010.5,0.0,6
2026-08-28T05:00,156.0,153.7,1449.0,98.7,66.7,0.0,25.1,86,3.7,215,1010.8,0.0,2
2026-08-28T06:00,142.5,139.2,2226.0,91.0,68.8,0.0,24.7,85,4.3,197,1011.3,0.0,3
2026-08-28T07:00,137.8,135.0,2746.0,92.7,71.7,12.0,25.7,84,2.0,170,1011.9,0.0,0
2026-08-28T08:00,98.0,95.0,2678.0,80.3,73.3,58.0,27.3,74,2.2,76,1012.5,0.0,5
2026-08-28T09:00,78.2,77.3,2352.0,62.9,75.1,123.0,29.0,63,2.5,69,1012.8,0.0,12
2026-08-28T10:00,69.4,68.5,2065.0,47.3,73.8,181.0,30.5,57,1.0,45,1012.6,0.0,34
2026-08-28T11:00,63.6,62.6,1936.0,35.2,66.2,226.0,31.7,52,2.0,355,1011.7,0.0,83
2026-08-28T12:00,59.5,58.7,1847.0,25.0,55.4,264.0,32.9,47,2.9,4,1010.8,0.0,76
2026-08-28T13:00,60.8,59.8,1734.0,18.7,47.3,288.0,32.8,47,6.7,14,1009.8,0.0,73
2026-08-28T14:00,61.9,61.2,1534.0,16.4,44.1,299.0,33.0,46,6.7,6,1009.0,0.1,89
2026-08-28T15:00,62.2,61.2,1310.0,18.1,43.4,296.0,32.4,44,9.2,3,1008.5,0.1,74
2026-08-28T16:00,61.7,60.8,1198.0,25.9,44.6,274.0,32.0,41,10.4,10,1008.3,0.0,79
2026-08-28T17:00,66.4,65.2,1289.0,42.6,47.0,221.0,30.8,48,11.8,21,1008.1,0.0,76
2026-08-28T18:00,65.9,64.5,1491.0,65.4,51.2,148.0,29.4,55,11.7,31,1008.9,0.0,18
2026-08-28T19:00,67.3,64.7,1659.0,64.7,46.7,94.0,29.0,61,9.1,51,1010.0,0.0,70
2026-08-28T20:00,75.0,72.2,1714.0,78.6,52.6,69.0,28.5,63,6.5,67,1011.0,0.0,95
2026-08-28T21:00,90.1,87.3,1736.0,97.6,60.8,36.0,28.3,64,5.4,76,1011.5,0.0,92
2026-08-28T22:00,112.7,109.0,1817.0,111.5,67.3,10.0,28.1,64,4.0,98,1011.9,0.0,87
2026-08-28T23:00,138.8,132.7,2049.0,115.6,70.8,1.0,27.9,65,3.1,126,1011.9,0.0,97
2026-08-29T00:00,158.8,152.7,2341.0,114.5,72.6,1.0,27.6,66,2.6,141,1011.6,0.0,99
2026-08-29T01:00,172.8,167.6,2506.0,111.7,72.9,1.0,27.4,65,2.7,143,1011.3,0.0,98
2026-08-29T02:00,175.1,171.4,2305.0,107.4,71.0,0.0,26.8,68,3.2,164,1010.7,0.0,86
2026-08-29T03:00,163.9,160.2,1978.0,101.3,67.6,0.0,26.5,69,4.4,192,1010.6,0.0,100
2026-08-29T04:00,135.0,130.9,2063.0,96.4,65.4,0.0,26.1,72,4.3,195,1010.3,0.0,98
2026-08-29T05:00,133.6,130.9,3156.0,95.8,66.3,0.0,25.6,75,4.5,187,1010.5,0.0,98
2026-08-29T06:00,136.0,133.6,4661.0,96.4,68.3,0.0,25.1,76,5.2,182,1011.0,0.0,89
2026-08-29T07:00,136.4,133.2,5326.0,85.5,62.9,13.0,26.9,67,4.6,169,1011.8,0.0,98
2026-08-29T08:00,75.4,68.7,4299.0,69.9,59.4,45.0,28.2,59,7.1,117,1012.2,0.0,88
2026-08-29T09:00,49.8,42.7,2433.0,48.2,54.5,90.0,29.5,51,6.9,104,1012.5,0.0,78
2026-08-29T10:00,46.3,39.8,1032.0,30.6,49.3,133.0,30.9,46,5.2,84,1012.2,0.0,38
2026-08-29T11:00,42.5,37.8,683.0,20.7,43.8,171.0,32.2,41,4.0,60,1011.4,0.0,27
2026-08-29T12:00,38.8,36.9,800.0,14.9,38.1,207.0,33.6,37,2.7,20,1010.4,0.0,39
2026-08-29T13:00,41.9,40.3,928.0,12.1,34.1,231.0,34.2,36,6.8,348,1009.5,0.0,34
2026-08-29T14:00,44.8,43.2,914.0,11.6,32.7,241.0,33.3,43,12.0,347,1008.5,0.0,42
2026-08-29T15:00,47.5,45.9,910.0,14.1,33.0,239.0,32.0,47,14.9,359,1007.8,0.0,16
2026-08-29T16:00,48.5,46.7,927.0,20.3,33.9,221.0,31.1,50,12.3,21,1007.5,0.0,3
2026-08-29T17:00,48.8,46.7,985.0,32.2,34.8,177.0,30.4,53,10.4,14,1007.5,0.0,2
2026-08-29T18:00,48.3,46.0,1062.0,47.8,36.4,118.0,29.4,56,9.9,25,1008.0,0.0,5
2026-08-29T19:00,64.5,61.5,1102.0,63.7,39.5,65.0,29.4,56,7.7,51,1009.2,0.0,59
2026-08-29T20:00,86.4,83.6,1070.0,74.8,45.9,51.0,29.0,58,4.5,53,1010.0,0.0,46
2026-08-29T21:00,103.8,100.8,1001.0,90.0,54.5,32.0,28.7,59,4.6,77,1010.5,0.0,53
2026-08-29T22:00,121.1,118.0,944.0,100.9,59.8,17.0,28.4,62,5.0,88,1010.6,0.0,59
2026-08-29T23:00,132.2,129.5,923.0,103.2,58.4,10.0,28.0,65,4.5,92,1011.0,0.0,57
2026-08-30T00:00,138.8,136.0,913.0,101.2,53.8,6.0,27.7,67,4.1,92,1010.8,0.0,41
2026-08-30T01:00,141.6,139.7,891.0,98.8,50.7,4.0,27.5,68,4.5,92,1010.5,0.0,48
2026-08-30T02:00,138.8,137.4,789.0,97.4,50.9,1.0,27.0,69,4.1,90,1010.2,0.0,73
2026-08-30T03:00,130.9,129.9,674.0,95.7,52.5,0.0,26.9,70,4.0,108,1010.1,0.0,8
2026-08-30T04:00,130.4,128.5,728.0,94.0,55.3,0.0,26.6,72,3.6,127,1010.1,0.0,50
2026-08-30T05:00,131.8,129.0,1171.0,94.8,60.9,0.0,26.3,74,3.9,156,1010.3,0.0,4
2026-08-30T06:00,134.6,132.2,1782.0,95.7,67.6,0.0,26.0,76,4.7,171,1010.9,0.0,30
2026-08-30T07:00,118.7,116.4,2081.0,83.9,64.4,19.0,27.3,68,4.4,161,1011.8,0.0,0
2026-08-30T08:00,62.6,60.1,1753.0,64.7,56.4,55.0,28.7,60,5.1,100,1012.3,0.0,13
2026-08-30T09:00,44.4,42.7,1113.0,38.2,45.3,107.0,30.1,54,7.1,84,1012.7,0.0,5
2026-08-30T10:00,39.3,37.8,625.0,17.8,36.1,150.0,32.4,45,8.5,83,1012.4,0.0,47
2026-08-30T11:00,40.0,38.5,485.0,9.6,30.8,179.0,33.9,39,7.9,87,1011.3,0.0,44
2026-08-30T12:00,41.6,40.0,498.0,7.5,27.5,201.0,35.2,34,5.8,70,1010.1,0.0,64
2026-08-30T13:00,42.6,41.1,535.0,7.2,25.4,213.0,34.0,41,10.1,2,1009.5,0.0,13
2026-08-30T14:00,42.3,40.9,562.0,6.9,24.2,214.0,33.3,46,11.2,345,1008.5,0.5,31
2026-08-30T15:00,41.7,40.3,615.0,8.4,24.2,205.0,32.4,51,13.7,359,1007.8,0.6,23
2026-08-30T16:00,40.4,38.9,671.0,12.6,25.1,186.0,31.3,54,14.5,11,1007.9,0.1,3
2026-08-30T17:00,39.2,37.8,739.0,21.0,27.1,153.0,30.4,58,10.0,7,1008.1,0.0,5
2026-08-30T18:00,45.2,43.8,811.0,32.1,30.0,109.0,29.5,62,8.3,24,1008.7,0.0,9
2026-08-30T19:00,40.3,38.8,844.0,31.5,28.8,80.0,29.2,64,9.7,63,1009.9,0.0,15
2026-08-30T20:00,46.3,44.6,808.0,35.8,29.9,67.0,28.5,69,8.0,72,1010.8,0.0,23
2026-08-30T21:00,49.1,47.5,733.0,42.0,31.5,48.0,28.3,71,7.5,80,1011.3,0.0,32
2026-08-30T22:00,54.7,52.6,671.0,48.0,33.0,32.0,28.0,74,6.7,96,1011.7,0.0,8
2026-08-30T23:00,61.5,59.1,648.0,53.5,34.2,22.0,27.7,76,6.0,119,1011.7,0.0,3
2026-08-31T00:00,65.0,62.6,637.0,58.9,35.3,15.0,27.3,77,5.1,122,1011.3,0.0,6
2026-08-31T01:00,65.9,63.6,611.0,62.9,36.3,10.0,27.2,78,5.4,110,1011.0,0.0,9
2026-08-31T02:00,69.8,67.3,518.0,64.8,36.7,6.0,26.7,80,5.3,114,1010.6,0.0,5
2026-08-31T03:00,75.7,73.1,408.0,65.4,37.1,3.0,26.3,79,5.8,120,1010.6,0.0,12
2026-08-31T04:00,84.3,81.7,409.0,65.7,39.2,3.0,26.0,80,5.1,129,1010.8,0.0,48
2026-08-31T05:00,93.6,91.0,631.0,67.5,45.2,2.0,25.7,80,5.1,132,1011.1,0.0,18
2026-08-31T06:00,105.2,102.4,963.0,69.0,52.8,4.0,25.5,81,3.9,133,1011.7,0.0,2
2026-08-31T07:00,69.8,66.4,1196.0,53.7,52.1,23.0,26.6,74,4.1,139,1012.5,0.0,10
2026-08-31T08:00,45.6,41.0,1232.0,44.2,48.3,55.0,28.1,68,5.7,118,1013.0,0.0,9
2026-08-31T09:00,38.4,35.3,1169.0,31.0,42.9,101.0,29.8,61,6.8,108,1013.4,0.0,7
2026-08-31T10:00,37.7,36.3,1098.0,20.4,38.3,143.0,31.3,55,6.0,93,1013.0,0.0,2
2026-08-31T11:00,41.6,40.4,1035.0,14.7,35.2,178.0,32.6,51,4.9,82,1011.9,0.0,1
2026-08-31T12:00,44.6,43.5,963.0,11.7,33.0,209.0,34.3,45,3.9,68,1010.8,0.0,16
2026-08-31T13:00,46.7,45.6,926.0,10.7,31.6,229.0,34.5,43,6.7,352,1009.9,0.0,6
2026-08-31T14:00,48.0,47.0,940.0,10.2,31.0,237.0,33.3,51,11.4,344,1008.9,0.0,50
2026-08-31T15:00,51.0,49.9,988.0,11.8,31.4,234.0,31.9,58,13.1,348,1008.8,0.6,55
2026-08-31T16:00,52.0,51.0,1067.0,19.4,33.2,216.0,31.3,59,11.9,3,1008.8,0.1,54
2026-08-31T17:00,55.8,54.6,1205.0,38.0,37.3,172.0,30.6,61,11.2,10,1009.0,0.0,62
2026-08-31T18:00,65.2,63.8,1373.0,62.5,42.9,112.0,29.6,65,9.0,37,1009.2,0.0,93
2026-08-31T19:00,86.6,85.0,1479.0,80.9,46.6,58.0,29.6,64,9.1,68,1010.3,0.0,56
2026-08-31T20:00,106.4,104.8,1481.0,90.0,51.9,44.0,29.0,66,6.5,85,1011.0,0.0,40
2026-08-31T21:00,125.3,123.4,1420.0,102.4,59.2,24.0,28.6,69,4.8,103,1011.5,0.0,47
2026-08-31T22:00,144.8,143.4,1331.0,110.6,63.8,9.0,28.2,72,3.7,104,1011.5,0.0,35
2026-08-31T23:00,161.6,159.3,1198.0,111.0,63.1,4.0,27.9,75,3.4,90,1011.6,0.0,19
2026-09-01T00:00,168.6,166.7,1036.0,107.2,59.8,4.0,27.6,77,4.0,98,1011.2,0.0,13
2026-09-01T01:00,169.0,167.2,924.0,102.9,57.0,4.0,27.6,77,5.4,94,1011.0,0.0,9
2026-09-01T02:00,161.6,159.7,845.0,98.5,55.1,3.0,26.8,81,4.4,97,1010.4,0.0,0
2026-09-01T03:00,163.4,161.6,816.0,93.5,53.7,3.0,26.5,84,3.4,108,1009.9,0.0,0
2026-09-01T04:00,169.0,167.2,960.0,89.9,55.3,4.0,26.3,85,3.6,93,1009.7,0.0,40
2026-09-01T05:00,172.3,169.5,1473.0,90.8,63.4,2.0,26.2,86,3.1,87,1010.2,0.0,82
2026-09-01T06:00,164.4,161.1,2159.0,93.1,74.4,0.0,26.1,86,2.9,120,1011.0,0.0,18
2026-09-01T07:00,115.7,113.2,2562.0,84.1,77.0,11.0,27.5,76,4.4,111,1011.6,0.0,17
2026-09-01T08:00,70.1,67.1,2426.0,69.9,69.7,45.0,28.9,68,3.6,117,1012.0,0.0,19
2026-09-01T09:00,52.3,51.0,2006.0,50.0,59.3,94.0,30.4,60,3.2,128,1012.4,0.0,8
2026-09-01T10:00,46.4,45.2,1609.0,33.4,49.8,139.0,31.9,53,4.4,97,1012.2,0.0,3
2026-09-01T11:00,47.8,46.7,1310.0,22.9,41.9,180.0,33.4,47,6.9,97,1011.3,0.0,1
2026-09-01T12:00,49.6,48.4,1034.0,15.7,34.8,218.0,34.7,42,5.0,88,1010.1,0.0,16
2026-09-01T13:00,50.2,48.9,858.0,11.7,29.9,241.0,35.6,37,4.9,80,1009.5,0.0,27
2026-09-01T14:00,49.4,48.2,837.0,10.8,27.8,244.0,36.0,38,7.4,13,1008.4,0.0,16
2026-09-01T15:00,55.3,53.8,917.0,13.1,28.0,233.0,34.4,45,11.1,7,1007.9,0.1,30
2026-09-01T16:00,48.7,47.3,1009.0,18.9,29.6,212.0,32.2,58,12.5,8,1008.3,0.8,34
2026-09-01T17:00,48.8,47.3,1110.0,30.8,33.3,177.0,31.0,62,11.0,14,1008.8,0.1,23
2026-09-01T18:00,55.8,54.0,1223.0,46.3,38.6,133.0,29.6,68,9.9,15,1009.1,0.0,14
2026-09-01T19:00,76.1,72.9,1273.0,64.7,44.1,81.0,29.3,68,9.0,60,1010.6,0.0,6
2026-09-01T20:00,74.7,71.2,1209.0,66.5,44.7,67.0,28.5,72,8.0,70,1011.2,0.0,11
2026-09-01T21:00,81.7,78.0,1082.0,68.9,45.6,49.0,28.0,75,6.5,76,1011.7,0.0,20
2026-09-01T22:00,99.7,95.5,966.0,69.8,46.3,35.0,27.9,77,5.2,78,1011.8,0.0,71
2026-09-01T23:00,86.4,81.5,887.0,67.9,46.4,32.0,27.7,80,3.5,99,1012.0,0.0,82
2026-09-02T00:00,85.7,80.8,820.0,64.5,46.4,34.0,27.4,81,2.1,128,1011.7,0.0,84
2026-09-02T01:00,82.7,78.0,760.0,61.9,47.0,35.0,27.1,81,2.2,55,1011.3,0.0,77
2026-09-02T02:00,79.9,75.2,652.0,60.8,48.5,33.0,27.0,81,1.8,101,1011.1,0.0,54
2026-09-02T03:00,69.8,65.0,552.0,60.6,50.7,31.0,26.6,83,2.3,122,1010.9,0.0,20
2026-09-02T04:00,70.1,65.2,626.0,61.2,53.6,29.0,26.5,83,2.6,106,1011.0,0.0,4
2026-09-02T05:00,69.8,65.2,1077.0,64.5,58.3,22.0,26.2,84,3.9,114,1011.1,0.0,6
2026-09-02T06:00,75.0,70.5,1701.0,68.7,63.7,15.0,25.9,86,4.1,103,1011.3,0.0,5
2026-09-02T07:00,61.2,58.9,2062.0,50.9,54.7,46.0,27.3,80,4.4,109,1012.2,0.0,11
2026-09-02T08:00,59.8,57.2,1901.0,44.7,52.7,72.0,28.6,71,6.3,93,1012.9,0.0,19
2026-09-02T09:00,55.8,53.3,1476.0,36.0,49.8,108.0,30.2,62,7.3,99,1012.9,0.0,41
2026-09-02T10:00,48.8,47.0,1118.0,28.0,46.3,144.0,31.7,55,6.3,108,1012.7,0.0,32
2026-09-02T11:00,47.0,45.5,939.0,21.3,41.5,180.0,32.7,50,3.3,112,1011.5,0.0,7
2026-09-02T12:00,47.0,45.5,828.0,15.4,36.0,216.0,34.0,45,4.3,358,1010.4,0.0,16
2026-09-02T13:00,46.8,45.4,783.0,12.0,32.0,237.0,34.2,43,9.6,355,1009.7,0.0,28
2026-09-02T14:00,46.3,45.1,813.0,11.7,30.3,237.0,33.2,48,13.6,353,1008.9,0.0,30
2026-09-02T15:00,44.8,43.5,908.0,13.9,30.1,221.0,32.3,49,14.6,356,1008.3,0.0,9
2026-09-02T16:00,43.4,42.1,1038.0,19.2,31.4,198.0,32.0,50,11.3,7,1008.0,0.0,4
2026-09-02T17:00,43.0,41.7,1239.0,28.9,34.4,164.0,31.1,54,10.6,10,1008.1,0.0,2
2026-09-02T18:00,47.7,46.3,1475.0,41.6,38.8,121.0,29.8,60,9.3,24,1008.7,0.0,0
2026-09-02T19:00,69.8,67.1,1607.0,60.4,45.0,78.0,29.5,61,9.1,58,1009.6,0.0,0
2026-09-02T20:00,78.2,75.9,1551.0,67.4,49.4,64.0,28.7,65,8.0,63,1010.0,0.0,0
2026-09-02T21:00,94.1,91.7,1391.0,77.0,55.3,44.0,28.4,66,7.0,77,1010.4,0.0,0
2026-09-02T22:00,108.5,106.2,1241.0,84.4,59.5,27.0,28.1,67,6.5,84,1010.6,0.0,2
2026-09-02T23:00,121.1,119.0,1142.0,87.0,59.5,18.0,27.7,68,6.0,95,1010.5,0.0,1
2026-09-03T00:00,133.6,131.8,1054.0,87.3,57.6,11.0,27.3,70,5.7,103,1010.2,0.0,1
2026-09-03T01:00,141.6,140.2,967.0,87.8,57.6,7.0,27.1,71,6.3,93,1010.2,0.0,5
2026-09-03T02:00,148.1,147.1,806.0,89.8,60.9,3.0,26.6,74,5.9,92,1009.7,0.0,2
2026-09-03T03:00,132.7,131.8,646.0,92.2,66.1,1.0,26.3,76,5.7,101,1009.6,0.0,1
2026-09-03T04:00,121.5,120.1,706.0,93.6,72.6,1.0,26.1,77,5.1,122,1009.8,0.0,1
2026-09-03T05:00,117.8,116.6,1229.0,95.4,83.1,0.0,25.7,79,4.5,133,1010.0,0.0,1
2026-09-03T06:00,123.4,122.0,1972.0,96.2,94.9,0.0,25.5,81,4.6,144,1010.8,0.0,0
2026-09-03T07:00,74.0,73.6,2427.0,86.7,90.0,17.0,26.6,74,4.2,162,1011.5,0.0,0
2026-09-03T08:00,54.0,52.7,2326.0,71.5,79.1,52.0,28.4,64,2.6,129,1012.0,0.0,0
2026-09-03T09:00,44.7,43.2,1937.0,50.3,63.9,101.0,30.4,54,3.9,74,1012.3,0.0,0
2026-09-03T10:00,44.2,42.8,1556.0,32.9,51.2,148.0,32.2,47,5.8,83,1012.1,0.0,7
2026-09-03T11:00,49.0,47.4,1247.0,22.7,43.6,192.0,33.9,40,7.2,84,1011.0,0.0,21
2026-09-03T12:00,54.8,53.2,947.0,16.3,38.4,234.0,34.4,38,8.3,20,1010.0,0.0,30
2026-09-03T13:00,58.1,56.5,759.0,12.9,34.8,258.0,34.0,41,12.5,16,1009.4,0.0,25
2026-09-03T14:00,57.5,56.0,752.0,12.3,32.4,254.0,34.1,40,14.7,25,1008.2,0.0,15
2026-09-03T15:00,55.3,53.7,857.0,14.7,31.6,232.0,33.1,45,15.6,26,1007.6,0.0,21
2026-09-03T16:00,54.4,52.6,972.0,20.0,32.3,204.0,31.8,48,15.7,33,1007.6,0.0,6
2026-09-03T17:00,53.2,51.5,1083.0,29.3,34.9,169.0,31.0,52,13.0,38,1008.0,0.0,23
2026-09-03T18:00,58.2,56.3,1203.0,41.6,39.1,128.0,29.9,56,11.5,40,1008.7,0.0,14
2026-09-03T19:00,49.8,48.4,1271.0,41.7,33.3,95.0,29.6,52,9.6,73,1009.7,0.0,96
2026-09-03T20:00,53.6,52.2,1245.0,47.6,35.6,82.0,28.8,57,8.7,72,1010.4,0.0,90
2026-09-03T21:00,59.1,57.7,1167.0,56.0,38.9,65.0,28.4,60,8.1,90,1010.9,0.0,33
2026-09-03T22:00,69.2,67.5,1097.0,65.2,42.2,48.0,28.2,63,7.6,91,1011.1,0.0,23
2026-09-03T23:00,83.6,81.7,1057.0,75.9,45.5,34.0,27.8,66,6.0,100,1011.0,0.0,23
2026-09-04T00:00,93.4,89.9,1025.0,87.4,48.8,21.0,27.5,68,4.3,114,1010.5,0.0,45
2026-09-04T01:00,105.0,101.0,999.0,94.9,50.6,11.0,27.1,68,3.1,126,1010.2,0.0,66
2026-09-04T02:00,118.3,114.3,928.0,95.3,48.6,6.0,26.6,71,1.8,101,1009.9,0.0,74
2026-09-04T03:00,130.4,126.7,863.0,91.7,45.2,5.0,26.5,72,1.2,117,1010.0,0.0,91
2026-09-04T04:00,140.2,136.4,957.0,89.6,45.8,5.0,26.2,72,3.3,151,1010.2,0.0,96
2026-09-04T05:00,151.8,148.1,1384.0,93.4,55.2,0.0,26.0,72,4.4,168,1010.5,0.0,73
2026-09-04T06:00,171.4,168.1,1970.0,98.5,68.7,0.0,25.8,72,4.2,187,1011.3,0.0,37
2026-09-04T07:00,150.9,146.7,2344.0,85.5,74.8,20.0,27.0,65,4.2,168,1012.6,0.0,63
2026-09-04T08:00,99.4,95.2,2282.0,70.2,70.0,66.0,28.7,58,3.3,186,1013.2,0.0,25
2026-09-04T09:00,85.4,82.2,2008.0,48.9,63.2,131.0,30.5,51,2.7,233,1013.3,0.0,24
2026-09-04T10:00,70.3,68.2,1820.0,31.5,56.3,187.0,32.3,45,0.5,315,1013.0,0.0,18
2026-09-04T11:00,62.9,60.8,1890.0,21.8,49.4,227.0,33.8,40,2.7,23,1012.1,0.0,13
2026-09-04T12:00,62.4,60.5,2046.0,16.1,42.3,259.0,34.8,36,6.8,25,1011.0,0.0,34
2026-09-04T13:00,60.8,58.9,2075.0,13.2,36.9,278.0,33.9,41,11.3,27,1010.3,0.0,30
2026-09-04T14:00,58.4,56.8,1814.0,10.4,33.3,284.0,33.1,45,10.7,8,1009.5,0.4,51
2026-09-04T15:00,56.7,55.2,1425.0,10.5,31.3,276.0,32.2,49,10.6,356,1009.1,0.3,40
2026-09-04T16:00,55.5,54.1,1189.0,19.8,32.2,250.0,31.5,49,11.5,358,1009.1,0.2,19
2026-09-04T17:00,56.3,54.8,1250.0,46.7,37.5,192.0,30.8,52,9.5,15,1009.4,0.0,11
2026-09-04T18:00,70.3,68.9,1462.0,82.9,45.7,116.0,29.8,60,8.0,9,1010.1,0.0,4
2026-09-04T19:00,84.8,83.6,1669.0,96.2,50.3,61.0,30.1,60,4.4,19,1011.2,0.0,2
2026-09-04T20:00,115.0,113.6,1866.0,103.7,57.4,47.0,29.3,65,1.5,300,1011.5,0.0,1
2026-09-04T21:00,139.7,137.4,2058.0,113.7,67.0,27.0,28.8,67,2.1,31,1011.8,0.0,1
2026-09-04T22:00,160.7,156.5,2103.0,119.3,72.1,12.0,28.4,70,2.6,39,1011.9,0.0,18
2026-09-04T23:00,178.3,173.7,1890.0,116.9,68.9,5.0,28.3,71,0.9,191,1011.8,0.0,25
2026-09-05T00:00,184.4,180.7,1531.0,110.2,61.3,2.0,27.7,71,3.8,205,1011.7,0.0,28
2026-09-05T01:00,185.3,182.1,1215.0,102.9,54.4,0.0,27.4,70,3.9,204,1011.4,0.0,24
2026-09-05T02:00,180.7,177.9,938.0,95.8,49.1,0.0,26.6,73,4.8,222,1011.0,0.0,8
2026-09-05T03:00,168.1,165.8,706.0,88.2,44.5,0.0,26.1,74,4.7,220,1010.8,0.0,45
2026-09-05T04:00,144.8,142.0,724.0,82.0,43.2,0.0,25.6,75,5.2,214,1011.1,0.0,75
2026-09-05T05:00,132.2,130.9,1227.0,78.3,47.4,0.0,25.2,77,4.5,220,1011.6,0.0,55
2026-09-05T06:00,129.9,128.5,1981.0,76.0,55.0,0.0,25.0,77,5.4,217,1012.3,0.0,33
2026-09-05T07:00,154.1,152.3,2489.0,70.4,59.2,7.0,26.7,68,2.6,245,1013.0,0.0,30
2026-09-05T08:00,100.4,93.8,2512.0,66.5,65.2,48.0,28.7,61,0.8,117,1013.5,0.0,9
2026-09-05T09:00,85.7,78.9,2289.0,60.6,72.9,107.0,30.8,49,2.7,98,1013.6,0.0,52
2026-09-05T10:00,78.5,75.4,2041.0,52.4,74.6,160.0,32.8,38,4.0,90,1013.3,0.0,80
2026-09-05T11:00,66.8,64.5,1825.0,39.6,64.5,204.0,34.5,32,4.7,62,1012.4,0.0,98
2026-09-05T12:00,61.7,59.6,1583.0,24.5,48.3,244.0,35.5,30,6.5,23,1011.0,0.0,97
2026-09-05T13:00,58.0,56.1,1363.0,14.1,35.6,268.0,34.7,40,14.1,5,1010.3,0.0,73
2026-09-05T14:00,56.2,54.6,1165.0,11.6,30.3,273.0,33.2,41,16.7,358,1009.6,0.0,86
2026-09-05T15:00,54.6,52.9,989.0,13.8,28.6,264.0,32.9,39,14.6,9,1008.8,0.0,89
2026-09-05T16:00,53.1,50.5,880.0,18.5,28.4,242.0,32.3,43,12.8,26,1008.7,0.0,81
2026-09-05T17:00,47.8,45.3,888.0,25.3,29.1,201.0,31.3,49,9.0,360,1009.1,0.0,98
2026-09-05T18:00,43.4,41.0,963.0,34.5,31.3,148.0,30.0,59,9.2,348,1009.8,0.0,91
2026-09-05T19:00,36.9,34.8,1005.0,45.1,32.6,89.0,29.8,59,7.9,17,1010.8,0.0,98
2026-09-05T20:00,44.2,41.7,976.0,58.5,39.1,71.0,29.2,62,5.8,30,1011.7,0.0,98
2026-09-05T21:00,61.0,57.2,913.0,77.0,48.1,46.0,28.8,62,3.5,24,1011.9,0.0,88
2026-09-05T22:00,80.1,75.4,835.0,90.8,53.8,26.0,28.5,62,2.6,12,1011.9,0.0,88
2026-09-05T23:00,97.1,92.0,719.0,96.1,53.4,14.0,28.2,66,1.7,32,1011.8,0.0,54
2026-09-06T00:00,107.3,102.4,586.0,96.9,49.8,7.0,28.0,65,2.2,235,1011.2,0.0,41
2026-09-06T01:00,102.9,99.2,518.0,94.9,46.6,2.0,28.0,67,1.5,216,1011.0,0.0,48
2026-09-06T02:00,93.1,89.4,526.0,89.8,44.6,0.0,27.2,71,4.0,190,1010.8,0.0,20
2026-09-06T03:00,86.6,82.9,599.0,82.0,43.0,0.0,26.6,71,6.6,171,1010.7,0.0,14
2026-09-06T04:00,84.3,81.3,777.0,74.8,43.1,1.0,26.1,67,8.3,184,1011.0,0.0,8
2026-09-06T05:00,81.5,78.9,1197.0,69.8,45.8,0.0,25.6,66,7.7,189,1011.1,0.0,8
2026-09-06T06:00,82.4,80.1,1723.0,65.4,50.2,0.0,25.3,67,6.7,183,1012.0,0.0,47
2026-09-06T07:00,94.1,91.3,1990.0,54.3,52.9,13.0,26.7,61,4.6,193,1012.5,0.0,41
2026-09-06T08:00,82.0,77.1,1737.0,48.6,55.7,44.0,28.6,54,3.7,209,1013.1,0.0,66
2026-09-06T09:00,72.2,63.1,1225.0,40.5,59.2,88.0,30.3,48,2.4,189,1013.0,0.0,74
2026-09-06T10:00,63.8,54.7,870.0,32.6,59.6,129.0,32.0,40,2.1,110,1012.8,0.0,85
2026-09-06T11:00,48.1,44.6,891.0,24.7,53.8,166.0,33.6,34,1.9,56,1011.8,0.0,81
2026-09-06T12:00,48.4,46.3,1068.0,17.0,45.0,200.0,34.9,30,3.1,31,1010.4,0.0,86
2026-09-06T13:00,51.5,49.6,1158.0,12.4,38.6,224.0,35.1,31,10.8,28,1009.2,0.0,98
2026-09-06T14:00,55.1,53.2,1035.0,12.8,37.4,234.0,33.3,39,16.0,15,1008.6,0.0,60
2026-09-06T15:00,58.0,56.1,825.0,16.4,38.6,234.0,32.6,39,14.3,4,1008.1,0.0,63
2026-09-06T16:00,59.0,57.0,662.0,20.5,39.7,222.0,31.8,44,11.2,350,1008.4,0.0,99
2026-09-06T17:00,58.1,55.4,607.0,24.1,39.2,192.0,30.7,49,13.2,5,1009.0,0.0,96
2026-09-06T18:00,53.4,51.0,599.0,28.1,38.6,149.0,29.7,52,8.7,14,1009.9,0.0,71
2026-09-06T19:00,46.7,44.5,586.0,31.7,36.9,110.0,29.7,55,7.6,27,1011.2,0.0,55
2026-09-06T20:00,52.7,50.4,535.0,37.8,40.1,93.0,29.3,58,6.8,32,1012.4,0.0,95
2026-09-06T21:00,60.3,57.9,479.0,46.5,44.5,68.0,29.0,58,5.1,23,1012.7,0.0,70
2026-09-06T22:00,72.4,70.1,465.0,55.7,47.9,46.0,28.7,59,3.3,354,1012.7,0.0,84
2026-09-06T23:00,88.2,85.9,530.0,66.2,49.9,30.0,28.5,60,1.7,302,1012.7,0.0,62
2026-09-07T00:00,100.4,98.3,638.0,77.0,51.0,16.0,28.2,61,2.7,270,1012.2,0.0,68
2026-09-07T01:00,111.1,109.0,725.0,83.3,50.4,6.0,27.7,62,3.6,237,1011.6,0.0,45
2026-09-07T02:00,117.8,114.1,732.0,81.6,46.4,1.0,27.1,61,7.1,216,1010.8,0.0,36
2026-09-07T03:00,121.1,117.8,720.0,75.2,40.9,0.0,26.5,63,8.0,211,1010.6,0.0,36
2026-09-07T04:00,117.3,114.8,804.0,69.7,38.4,0.0,25.9,66,7.3,205,1010.5,0.0,47
2026-09-07T05:00,106.9,104.3,1104.0,67.7,41.7,0.0,25.5,67,6.9,195,1010.9,0.0,34
2026-09-07T06:00,106.2,104.1,1501.0,66.5,48.0,0.0,25.2,68,7.3,187,1011.6,0.0,1
2026-09-07T07:00,65.9,64.7,1757.0,54.6,53.8,13.0,26.6,61,5.4,200,1012.4,0.0,0
2026-09-07T08:00,40.0,38.6,1736.0,48.1,55.9,47.0,28.7,53,3.2,218,1012.7,0.0,0
2026-09-07T09:00,34.0,33.6,1573.0,39.0,58.7,95.0,30.6,47,0.7,76,1012.7,0.0,2
2026-09-07T10:00,34.2,33.9,1437.0,30.7,58.9,144.0,32.4,41,2.6,65,1012.3,0.0,8
2026-09-07T11:00,38.2,37.8,1405.0,23.6,54.3,194.0,34.0,35,3.3,36,1011.1,0.0,0
2026-09-07T12:00,43.4,43.1,1398.0,17.3,47.3,244.0,35.3,31,5.1,27,1009.8,0.0,1
2026-09-07T13:00,47.7,47.4,1353.0,13.7,41.8,280.0,34.3,40,14.0,7,1009.1,0.0,1
2026-09-07T14:00,50.5,50.2,1216.0,13.8,39.4,300.0,33.4,41,14.5,5,1008.5,0.0,1
2026-09-07T15:00,52.2,51.7,1040.0,16.6,38.6,306.0,33.1,39,14.0,7,1008.0,0.0,1
2026-09-07T16:00,53.0,52.4,917.0,21.2,38.9,292.0,31.9,45,14.6,9,1008.1,0.0,0
2026-09-07T17:00,52.0,51.2,900.0,28.3,40.4,245.0,30.6,52,13.3,8,1008.5,0.0,0
2026-09-07T18:00,49.0,46.9,936.0,37.4,43.0,178.0,29.4,60,10.0,354,1009.2,0.0,0
2026-09-07T19:00,41.0,37.3,961.0,46.5,37.1,86.0,29.6,63,7.0,18,1010.3,0.0,0
2026-09-07T20:00,42.4,38.3,956.0,52.4,39.0,70.0,29.1,64,4.4,30,1011.1,0.0,0
2026-09-07T21:00,46.9,42.7,940.0,60.7,41.7,47.0,28.9,66,3.7,43,1011.6,0.0,2
2026-09-07T22:00,52.6,48.1,901.0,67.7,44.7,28.0,28.7,68,3.0,33,1011.8,0.0,3
2026-09-07T23:00,58.4,53.8,808.0,72.3,48.2,18.0,28.5,69,2.8,40,1012.0,0.0,8
2026-09-08T00:00,68.0,63.1,691.0,75.7,51.9,13.0,28.2,71,1.5,69,1011.5,0.0,12
2026-09-08T01:00,73.6,68.2,635.0,77.7,54.5,9.0,27.7,71,1.5,97,1011.1,0.0,79
2026-09-08T02:00,80.8,75.7,655.0,77.9,54.3,5.0,27.4,72,1.0,135,1010.4,0.1,55
2026-09-08T03:00,88.0,82.9,734.0,76.7,53.1,2.0,27.2,72,2.2,180,1010.2,0.1,45
2026-09-08T04:00,94.5,90.3,911.0,75.6,54.6,1.0,26.9,74,2.9,202,1010.3,0.0,43
2026-09-08T05:00,102.4,98.5,1299.0,75.8,62.1,0.0,26.8,74,2.6,231,1010.8,0.0,26
2026-09-08T06:00,120.1,116.4,1783.0,76.1,72.3,0.0,26.7,75,1.6,276,1011.4,0.0,46
2026-09-08T07:00,92.2,87.3,2059.0,68.5,78.9,14.0,27.6,69,3.4,223,1012.1,0.0,13
2026-09-08T08:00,69.4,64.3,1908.0,63.4,77.0,39.0,28.8,62,3.5,249,1012.7,0.0,9
2026-09-08T09:00,64.3,60.1,1547.0,56.0,74.1,74.0,30.4,55,3.0,253,1012.8,0.0,3
2026-09-08T10:00,65.0,61.7,1325.0,48.0,69.7,114.0,32.2,48,1.3,286,1012.1,0.0,4
2026-09-08T11:00,69.8,66.1,1443.0,38.6,62.0,161.0,33.8,42,2.5,352,1011.0,0.0,15
2026-09-08T12:00,74.5,70.5,1700.0,28.6,52.8,212.0,34.7,39,5.0,2,1010.2,0.0,21
2026-09-08T13:00,77.1,74.0,1837.0,22.6,46.6,250.0,35.1,38,6.0,7,1009.0,0.0,34
2026-09-08T14:00,87.5,84.1,1704.0,22.9,45.9,269.0,34.7,40,9.2,360,1008.4,0.3,37
2026-09-08T15:00,88.2,85.0,1453.0,27.2,48.1,274.0,32.3,52,14.2,359,1008.0,1.1,51
2026-09-08T16:00,89.9,86.1,1277.0,33.0,50.4,263.0,31.2,58,13.3,347,1008.5,0.1,27
2026-09-08T17:00,88.7,85.2,1274.0,39.0,51.7,228.0,30.6,58,9.9,358,1008.8,0.0,9
2026-09-08T18:00,89.9,85.0,1347.0,46.4,53.0,176.0,29.8,63,7.7,11,1009.2,0.0,21
2026-09-08T19:00,100.4,95.5,1400.0,56.0,51.5,126.0,28.7,66,3.6,27,1010.5,0.0,49
2026-09-08T20:00,115.3,109.9,1399.0,68.4,52.3,98.0,28.1,69,7.8,195,1011.5,0.5,59
2026-09-08T21:00,129.5,124.3,1378.0,85.5,53.1,58.0,28.0,68,5.1,197,1011.6,0.1,34
2026-09-08T22:00,138.3,133.6,1338.0,98.4,52.6,27.0,27.9,68,2.1,165,1011.8,0.1,41
2026-09-08T23:00,143.4,139.2,1282.0,103.7,49.3,12.0,27.9,68,0.9,270,1011.9,0.0,6
2026-09-09T00:00,150.9,147.1,1207.0,104.8,44.6,4.0,27.6,70,2.0,185,1011.1,0.0,3
2026-09-09T01:00,155.1,151.8,1102.0,103.4,41.0,0.0,27.6,69,3.1,144,1010.3,0.0,2
2026-09-09T02:00,157.9,154.6,880.0,99.0,38.5,0.0,27.0,73,3.4,177,1009.3,0.0,2
2026-09-09T03:00,157.4,154.1,630.0,92.0,37.3,0.0,26.7,76,2.0,207,1008.9,0.0,1
2026-09-09T04:00,157.9,155.1,603.0,85.7,40.0,0.0,26.4,78,2.4,216,1008.8,0.0,1
2026-09-09T05:00,158.8,156.0,1030.0,81.7,49.9,0.0,26.0,80,3.9,233,1009.0,0.0,1
2026-09-09T06:00,167.2,164.8,1682.0,78.3,63.7,0.0,25.8,79,3.9,223,1009.7,0.0,2
2026-09-09T07:00,109.7,109.2,2122.0,70.1,64.4,10.0,26.7,70,4.1,214,1010.7,0.0,20
2026-09-09T08:00,74.7,72.2,2110.0,63.0,65.7,38.0,28.2,64,3.6,237,1011.0,0.0,30
2026-09-09T09:00,62.4,60.8,1887.0,53.0,67.1,80.0,30.0,58,2.6,245,1011.1,0.0,26
2026-09-09T10:00,62.9,62.2,1737.0,43.6,66.6,126.0,31.7,51,1.0,315,1010.7,0.0,20
2026-09-09T11:00,66.4,65.4,1819.0,35.0,62.0,183.0,33.1,46,2.0,355,1009.5,0.1,29
2026-09-09T12:00,71.7,70.8,1974.0,27.0,55.4,245.0,33.9,44,4.4,9,1008.6,0.2,38
2026-09-09T13:00,75.0,73.8,2013.0,22.7,50.4,289.0,33.8,44,8.7,13,1007.9,0.2,52
2026-09-09T14:00,83.4,82.2,1794.0,23.7,48.8,306.0,32.5,49,12.3,6,1007.6,1.3,59
2026-09-09T15:00,79.2,78.2,1458.0,28.4,48.8,305.0,31.3,56,12.1,3,1007.0,1.2,81
2026-09-09T16:00,74.3,73.1,1240.0,34.6,49.3,285.0,30.3,61,13.1,358,1007.0,0.3,33
2026-09-09T17:00,70.1,68.9,1256.0,41.7,49.9,236.0,29.7,63,11.1,352,1007.2,0.0,38
2026-09-09T18:00,72.9,71.0,1390.0,50.2,50.9,169.0,29.0,67,8.6,358,1007.7,0.0,27
2026-09-09T19:00,65.0,62.4,1532.0,53.4,51.8,130.0,29.1,66,5.5,13,1009.0,0.0,100
2026-09-09T20:00,73.8,71.5,1647.0,58.7,53.1,108.0,28.2,71,4.7,18,1009.8,0.1,100
2026-09-09T21:00,86.8,84.5,1768.0,66.2,54.9,78.0,28.2,72,3.6,49,1010.2,0.1,73
2026-09-09T22:00,83.8,81.5,1889.0,73.3,56.5,52.0,27.6,75,5.4,124,1010.5,0.0,50
2026-09-09T23:00,89.4,87.3,2056.0,79.7,57.3,37.0,27.2,76,5.6,151,1010.6,0.1,38
2026-09-10T00:00,88.7,87.1,2222.0,85.6,57.9,27.0,26.8,79,5.1,163,1010.2,0.0,62
2026-09-10T01:00,82.9,81.3,2236.0,89.4,58.7,19.0,26.6,79,5.6,197,1009.7,0.0,89
2026-09-10T02:00,84.5,83.1,1905.0,89.5,59.5,13.0,26.2,81,5.3,192,1009.4,0.0,15
2026-09-10T03:00,86.6,85.7,1422.0,87.4,60.5,10.0,25.9,80,5.6,195,1009.0,0.0,64
2026-09-10T04:00,94.3,93.1,1218.0,86.3,63.6,8.0,25.5,80,5.4,194,1008.7,0.0,22
2026-09-10T05:00,105.7,104.3,1618.0,89.6,71.1,3.0,25.2,79,4.9,182,1008.9,0.0,6
2026-09-10T06:00,122.5,120.6,2297.0,93.9,80.6,0.0,25.0,80,4.5,175,1009.5,0.0,10
2026-09-10T07:00,157.4,155.5,2710.0,95.8,83.8,16.0,27.4,73,3.9,204,1010.0,0.0,12
2026-09-10T08:00,105.5,104.1,2574.0,78.5,78.7,65.0,29.0,64,1.8,191,1010.3,0.0,6
2026-09-10T09:00,86.4,84.5,2173.0,54.5,71.6,135.0,30.4,58,1.2,117,1010.7,0.0,16
2026-09-10T10:00,80.3,78.7,1815.0,35.3,65.0,199.0,32.0,52,1.5,83,1010.1,0.0,24
2026-09-10T11:00,76.4,75.0,1601.0,25.2,59.9,254.0,33.0,47,2.5,21,1009.2,0.0,30
2026-09-10T12:00,81.7,80.1,1431.0,19.9,55.3,303.0,33.3,46,6.8,360,1008.1,0.1,16
2026-09-10T13:00,82.7,81.0,1314.0,17.8,51.5,332.0,33.0,48,10.3,356,1007.6,0.3,30
2026-09-10T14:00,81.3,79.6,1250.0,18.3,48.3,332.0,32.2,53,11.6,355,1006.8,0.3,18
2026-09-10T15:00,78.0,76.1,1238.0,21.9,45.9,312.0,31.9,54,11.0,2,1006.3,0.0,16
2026-09-10T16:00,74.3,71.9,1285.0,29.0,44.6,278.0,31.3,55,10.3,3,1006.4,0.0,34
2026-09-10T17:00,72.2,69.6,1381.0,40.2,43.8,224.0,30.6,57,10.5,7,1006.7,0.0,5
2026-09-10T18:00,69.8,67.1,1536.0,54.8,44.2,156.0,29.7,61,7.9,20,1007.4,0.0,35
2026-09-10T19:00,76.1,72.4,1788.0,55.6,44.2,118.0,29.8,63,6.9,43,1008.7,0.2,35
2026-09-10T20:00,89.9,86.4,2218.0,70.1,49.9,91.0,28.6,71,4.1,103,1009.3,0.1,59
2026-09-10T21:00,109.0,105.0,2744.0,90.2,57.7,53.0,28.4,73,3.0,155,1009.9,0.0,100
2026-09-10T22:00,129.0,123.9,3157.0,106.2,63.6,23.0,28.2,74,1.9,163,1010.4,0.0,70
2026-09-10T23:00,149.9,142.0,3397.0,114.3,66.2,10.0,27.7,77,3.9,158,1010.6,0.0,32
2026-09-11T00:00,170.4,162.5,3523.0,118.2,66.8,5.0,27.4,78,3.8,183,1010.2,0.1,45
2026-09-11T01:00,183.0,177.0,3504.0,119.2,65.7,2.0,27.2,78,4.6,154,1009.7,0.0,51
2026-09-11T02:00,185.3,181.6,3157.0,116.2,60.8,0.0,26.8,79,3.2,153,1009.1,0.0,59
2026-09-11T03:00,186.3,183.9,2664.0,110.2,54.1,0.0,26.5,82,2.0,175,1008.8,0.0,57
2026-09-11T04:00,189.5,188.1,2542.0,105.5,52.1,0.0,26.4,81,1.7,139,1008.8,0.0,73
2026-09-11T05:00,196.5,195.1,3287.0,106.2,59.8,0.0,26.2,81,2.4,138,1008.9,0.0,75
2026-09-11T06:00,208.6,206.8,4403.0,108.2,72.2,0.0,26.0,82,2.8,145,1009.4,0.0,88
2026-09-11T07:00,160.7,159.7,4912.0,90.1,70.5,23.0,27.3,76,2.0,100,1010.6,0.0,8
2026-09-11T08:00,116.2,113.4,4194.0,73.0,65.7,67.0,28.7,69,3.1,77,1011.1,0.0,16
2026-09-11T09:00,83.6,80.1,2868.0,49.2,58.9,129.0,30.3,61,5.2,88,1011.6,0.0,7
2026-09-11T10:00,72.6,69.4,1823.0,30.1,51.8,182.0,31.5,54,7.2,94,1011.1,0.0,35
2026-09-11T11:00,68.9,66.1,1420.0,20.0,44.3,220.0,32.8,48,8.4,99,1009.9,0.0,13
2026-09-11T12:00,69.8,67.1,1296.0,14.6,36.5,249.0,34.1,43,7.1,100,1008.8,0.0,50
2026-09-11T13:00,68.9,66.1,1250.0,12.1,31.1,264.0,35.5,38,6.5,95,1007.6,0.0,21
2026-09-11T14:00,66.8,64.0,1221.0,11.7,29.0,259.0,35.7,36,8.2,40,1006.8,0.0,13
2026-09-11T15:00,64.0,61.5,1269.0,14.3,29.2,240.0,34.5,42,12.2,33,1006.1,0.0,52
2026-09-11T16:00,61.0,58.4,1373.0,20.6,31.0,213.0,33.7,45,12.9,41,1006.0,0.1,41
2026-09-11T17:00,59.1,56.7,1589.0,32.5,34.9,176.0,31.9,52,14.9,49,1006.5,0.0,20
2026-09-11T18:00,61.0,58.6,1861.0,48.0,40.5,132.0,30.7,53,11.5,56,1007.0,0.0,83
2026-09-11T19:00,57.5,55.1,2005.0,48.9,38.8,93.0,30.0,61,7.6,62,1008.5,0.0,79
2026-09-11T20:00,65.2,62.6,1887.0,58.5,41.6,76.0,29.1,68,7.0,80,1008.9,0.0,82
2026-09-11T21:00,77.1,74.3,1640.0,71.6,45.5,54.0,28.7,71,5.6,96,1009.9,0.0,98
2026-09-11T22:00,88.9,86.1,1477.0,80.1,47.6,37.0,28.2,74,4.5,97,1010.5,0.0,82
2026-09-11T23:00,96.2,92.0,1510.0,79.5,46.3,33.0,28.0,75,5.9,101,1010.6,0.1,89
2026-09-12T00:00,89.2,85.2,1627.0,74.4,43.3,36.0,27.8,77,6.2,116,1010.0,0.0,95
2026-09-12T01:00,87.3,84.1,1711.0,70.3,41.2,37.0,27.6,77,7.7,111,1009.4,0.0,98
2026-09-12T02:00,84.8,82.7,1638.0,68.6,39.9,33.0,27.0,80,6.9,107,1008.8,0.0,98
2026-09-12T03:00,90.1,88.2,1532.0,68.0,39.5,28.0,26.5,83,4.7,97,1008.3,0.0,98
2026-09-12T04:00,105.2,102.7,1643.0,70.1,42.8,23.0,26.3,84,4.0,95,1008.4,0.0,100
2026-09-12T05:00,126.2,123.9,2288.0,79.8,54.6,15.0,26.2,85,3.8,121,1008.5,0.0,100
2026-09-12T06:00,153.7,150.9,3150.0,92.3,70.1,8.0,26.1,85,3.8,163,1009.2,0.0,100
2026-09-12T07:00,120.6,117.8,3536.0,74.4,72.0,35.0,27.3,75,4.0,108,1010.4,0.0,100
2026-09-12T08:00,88.0,84.8,2978.0,59.2,65.3,70.0,28.8,66,3.9,103,1011.0,0.0,100
2026-09-12T09:00,73.8,70.5,1944.0,38.1,55.8,117.0,30.6,56,7.2,103,1011.1,0.0,96
2026-09-12T10:00,64.3,61.5,1141.0,21.7,47.4,156.0,32.3,50,10.6,100,1010.7,0.0,80
2026-09-12T11:00,60.3,57.9,868.0,14.2,41.1,177.0,33.9,45,12.4,100,1009.7,0.0,81
2026-09-12T12:00,57.0,54.9,827.0,11.4,35.7,188.0,35.4,39,9.7,92,1008.4,0.0,99
2026-09-12T13:00,53.8,51.9,828.0,10.6,31.8,192.0,35.2,39,12.5,54,1008.1,0.1,99
2026-09-12T14:00,51.6,49.8,813.0,10.9,29.4,190.0,35.1,39,13.3,49,1007.3,0.0,100
2026-09-12T15:00,49.7,48.1,839.0,13.2,28.4,181.0,34.2,42,14.3,37,1006.6,0.0,98
2026-09-12T16:00,49.9,48.3,893.0,18.1,28.9,167.0,32.9,47,15.0,40,1006.7,0.0,99
2026-09-12T17:00,51.7,49.9,991.0,26.6,31.4,148.0,31.7,51,13.0,43,1007.1,0.0,99
2026-09-12T18:00,55.2,53.4,1117.0,37.6,35.4,124.0,30.3,56,10.5,52,1008.2,0.0,95
2026-09-12T19:00,54.2,52.5,1199.0,43.1,34.3,96.0,29.8,64,9.5,76,1009.4,0.0,100
2026-09-12T20:00,61.0,59.3,1211.0,53.5,37.6,78.0,28.9,69,7.9,87,1010.1,0.0,99
2026-09-12T21:00,78.0,76.6,1180.0,67.9,42.1,53.0,28.5,71,6.1,102,1010.6,0.0,100
2026-09-12T22:00,94.5,93.1,1120.0,78.4,44.9,33.0,28.1,74,5.0,120,1010.7,0.0,100
2026-09-12T23:00,100.8,99.7,1009.0,81.5,44.3,25.0,27.9,75,4.5,127,1010.8,0.0,100
2026-09-13T00:00,108.0,106.4,868.0,80.9,42.0,23.0,27.5,78,3.5,114,1010.4,0.0,97
2026-09-13T01:00,111.3,109.4,774.0,79.4,39.8,21.0,27.3,79,5.4,104,1010.0,0.0,98
2026-09-13T02:00,117.6,114.8,706.0,77.2,37.5,18.0,26.8,81,4.7,122,1009.4,0.0,98
2026-09-13T03:00,121.5,118.0,685.0,74.1,35.4,16.0,26.6,81,4.7,148,1009.2,0.0,99
2026-09-13T04:00,129.5,125.7,847.0,73.0,36.4,14.0,26.5,80,3.8,139,1009.1,0.0,100
2026-09-13T05:00,140.6,136.4,1425.0,77.8,44.1,8.0,26.3,82,2.8,108,1009.4,0.0,100
2026-09-13T06:00,159.3,154.6,2187.0,84.5,54.9,2.0,26.1,83,2.5,69,1010.0,0.0,99
2026-09-13T07:00,116.4,114.3,2575.0,76.1,65.0,17.0,27.0,77,1.9,146,1011.0,0.0,98
2026-09-13T08:00,76.1,74.7,2237.0,60.7,59.1,54.0,28.2,71,2.7,132,1011.7,0.0,99
2026-09-13T09:00,59.6,58.2,1524.0,39.4,50.6,104.0,29.9,62,5.1,122,1011.7,0.0,98
2026-09-13T10:00,51.9,50.8,938.0,22.4,42.1,144.0,31.6,54,8.8,105,1011.3,0.0,97
2026-09-13T11:00,40.4,39.6,663.0,13.8,33.5,164.0,33.4,43,11.4,106,1010.3,0.0,91
2026-09-13T12:00,33.5,32.9,513.0,9.4,24.8,173.0,35.2,33,12.7,105,1008.8,0.0,96
2026-09-13T13:00,27.6,27.1,434.0,7.4,18.6,174.0,36.2,29,13.1,99,1007.9,0.0,99
2026-09-13T14:00,24.1,23.5,427.0,6.8,16.0,167.0,35.7,32,14.2,75,1007.2,0.0,99
2026-09-13T15:00,22.5,21.8,490.0,8.6,15.9,152.0,35.0,35,14.1,69,1006.6,0.0,100
2026-09-13T16:00,22.4,21.7,562.0,13.1,17.6,134.0,34.0,36,14.4,62,1006.5,0.0,100
2026-09-13T17:00,24.9,24.0,631.0,20.8,21.0,115.0,32.7,38,13.2,60,1007.0,0.0,100
2026-09-13T18:00,33.2,32.1,709.0,31.2,26.2,92.0,31.1,45,11.0,55,1007.8,0.0,100
2026-09-13T19:00,46.1,44.1,776.0,40.9,30.4,73.0,29.8,57,11.1,74,1009.1,0.0,99
2026-09-13T20:00,59.3,56.9,832.0,50.5,35.4,63.0,29.0,66,10.1,79,1009.5,0.0,100
2026-09-13T21:00,78.5,75.4,877.0,63.7,42.4,50.0,28.7,69,9.1,82,1010.0,0.0,99
2026-09-13T22:00,98.0,93.6,886.0,74.3,47.8,38.0,28.5,71,7.4,89,1010.3,0.0,98
2026-09-13T23:00,114.3,108.7,830.0,79.8,50.4,30.0,28.2,73,5.4,98,1010.5,0.0,82
2026-09-14T00:00,127.1,121.5,739.0,82.5,51.4,24.0,27.8,74,4.1,113,1010.3,0.0,72
2026-09-14T01:00,142.5,137.4,678.0,83.5,51.0,18.0,27.6,74,4.9,123,1010.3,0.0,94
2026-09-14T02:00,152.7,148.1,619.0,82.1,47.8,12.0,27.1,76,3.1,144,1009.7,0.0,97
2026-09-14T03:00,148.5,143.9,590.0,78.9,43.1,6.0,26.7,77,4.0,180,1009.6,0.0,57
2026-09-14T04:00,147.6,143.4,740.0,76.3,41.6,4.0,26.3,78,4.0,180,1009.5,0.0,14
2026-09-14T05:00,145.3,142.0,1304.0,77.0,46.7,1.0,25.8,78,3.8,172,1009.5,0.0,20
2026-09-14T06:00,148.1,145.3,2047.0,78.4,54.8,1.0,25.5,78,3.2,180,1010.1,0.0,30
2026-09-14T07:00,108.0,105.5,2418.0,68.0,59.4,21.0,27.2,67,2.0,153,1011.0,0.0,56
2026-09-14T08:00,84.1,81.3,2051.0,54.9,55.1,65.0,29.3,59,2.8,101,1011.6,0.0,67
2026-09-14T09:00,62.9,60.3,1311.0,36.8,48.9,124.0,31.5,46,10.3,102,1011.9,0.0,73
2026-09-14T10:00,51.0,48.5,742.0,22.2,41.9,168.0,33.1,38,12.5,98,1011.4,0.0,30
2026-09-14T11:00,44.0,42.0,570.0,14.5,33.3,181.0,35.0,29,13.5,92,1010.3,0.0,43
2026-09-14T12:00,36.4,34.9,570.0,10.3,23.9,177.0,36.6,24,12.8,84,1008.9,0.0,56
2026-09-14T13:00,30.4,29.0,608.0,8.6,17.6,169.0,36.7,27,16.0,67,1007.9,0.0,15
2026-09-14T14:00,27.2,25.9,644.0,8.4,16.3,159.0,36.1,26,18.2,63,1007.3,0.0,1
2026-09-14T15:00,26.4,25.1,719.0,10.8,18.1,144.0,35.3,27,17.2,61,1006.8,0.0,1
2026-09-14T16:00,27.8,26.4,819.0,17.4,21.5,126.0,33.7,35,17.0,53,1006.9,0.0,2
2026-09-14T17:00,31.4,29.8,966.0,31.0,25.6,102.0,31.8,44,14.8,56,1007.3,0.0,0
2026-09-14T18:00,38.2,36.3,1138.0,48.8,31.2,74.0,30.3,51,11.4,63,1008.0,0.0,1
2026-09-14T19:00,43.8,41.4,1257.0,47.8,32.0,59.0,29.9,55,10.7,67,1009.1,0.0,0
2026-09-14T20:00,59.0,55.9,1297.0,61.5,39.8,44.0,28.9,61,7.6,72,1009.7,0.0,70
2026-09-14T21:00,81.3,77.3,1284.0,80.3,50.9,24.0,28.5,66,3.4,84,1010.5,0.0,97
2026-09-14T22:00,106.4,102.2,1222.0,94.6,60.6,8.0,28.4,68,2.9,112,1010.5,0.0,98
2026-09-14T23:00,130.4,126.2,1085.0,100.0,67.6,2.0,28.2,69,2.9,137,1010.6,0.0,99
2026-09-15T00:00,145.8,141.1,899.0,100.9,73.2,0.0,27.8,70,2.7,172,1010.1,0.0,100
2026-09-15T01:00,154.1,149.5,746.0,100.3,77.5,0.0,27.4,67,4.9,98,1010.0,0.0,100
2026-09-15T02:00,162.1,157.4,582.0,98.9,79.7,0.0,26.6,72,2.7,113,1009.6,0.0,100
2026-09-15T03:00,168.1,163.0,451.0,96.2,80.5,0.0,26.2,73,2.7,157,1009.7,0.0,100
2026-09-15T04:00,171.8,167.2,567.0,93.3,82.2,0.0,25.9,74,3.8,180,1009.7,0.0,100
2026-09-15T05:00,178.3,173.7,1206.0,92.1,87.3,0.0,25.7,74,4.2,200,1010.2,0.0,100
2026-09-15T06:00,190.9,186.7,2092.0,90.8,93.2,0.0,25.6,75,6.0,205,1010.8,0.0,99
2026-09-15T07:00,115.9,109.9,2611.0,83.2,93.7,16.0,27.3,67,5.8,206,1011.7,0.0,99
2026-09-15T08:00,79.9,75.0,2400.0,70.2,85.8,50.0,28.8,60,4.2,200,1012.2,0.0,95
2026-09-15T09:00,66.8,64.5,1821.0,52.1,74.5,97.0,30.7,51,2.7,188,1012.3,0.0,96
2026-09-15T10:00,53.2,51.3,1351.0,36.5,63.3,140.0,32.5,42,3.1,114,1012.2,0.0,97
2026-09-15T11:00,44.7,43.0,1173.0,25.8,52.2,175.0,34.0,34,5.1,84,1011.3,0.0,93
2026-09-15T12:00,43.0,41.6,1103.0,17.6,41.1,207.0,35.2,28,5.9,70,1010.1,0.0,82
2026-09-15T13:00,43.4,42.0,1067.0,13.0,33.2,226.0,35.2,30,5.7,351,1009.1,0.0,84
2026-09-15T14:00,43.7,42.5,1036.0,12.1,30.2,232.0,35.8,31,6.5,336,1008.2,0.0,87
2026-09-15T15:00,43.4,42.3,1040.0,14.6,30.4,226.0,35.4,29,13.5,25,1007.6,0.0,100
2026-09-15T16:00,41.7,40.5,1092.0,21.0,32.0,207.0,34.0,31,16.7,47,1007.5,0.0,90
2026-09-15T17:00,38.9,38.0,1255.0,32.8,34.3,168.0,32.7,31,14.9,49,1007.9,0.0,96
2026-09-15T18:00,37.4,36.4,1466.0,48.4,38.0,116.0,31.5,36,8.9,34,1008.8,0.0,62
2026-09-15T19:00,39.5,38.3,1549.0,44.7,30.4,63.0,30.4,47,5.7,46,1010.0,0.0,35
2026-09-15T20:00,49.7,48.5,1377.0,54.6,37.8,49.0,29.6,52,4.2,70,1010.6,0.0,48
2026-09-15T21:00,71.5,69.8,1078.0,68.3,48.1,29.0,29.2,54,5.7,81,1011.2,0.0,9
2026-09-15T22:00,95.2,92.7,856.0,79.4,56.7,14.0,28.7,58,6.1,78,1011.5,0.0,1
2026-09-15T23:00,114.1,111.1,807.0,85.7,62.5,7.0,28.2,63,4.9,92,1011.6,0.0,1
2026-09-16T00:00,124.8,121.1,836.0,89.4,66.7,4.0,27.9,66,3.9,112,1010.8,0.0,5
2026-09-16T01:00,129.9,126.2,866.0,90.7,67.7,2.0,27.5,68,4.1,113,1010.4,0.0,4
2026-09-16T02:00,138.3,135.0,778.0,88.3,62.4,0.0,27.1,70,3.7,137,1010.2,0.0,9
2026-09-16T03:00,144.4,141.1,691.0,83.4,54.0,0.0,27.0,70,3.4,174,1010.1,0.0,53
2026-09-16T04:00,146.2,143.0,882.0,80.4,50.6,0.0,26.7,70,3.6,198,1010.1,0.0,76
2026-09-16T05:00,144.8,142.0,1695.0,82.9,57.8,0.0,26.3,71,4.4,210,1010.3,0.0,93
2026-09-16T06:00,153.7,150.9,2786.0,87.2,70.1,0.0,26.0,71,3.8,211,1010.7,0.0,98
2026-09-16T07:00,96.4,92.7,3403.0,73.8,71.3,22.0,27.2,65,2.8,215,1011.3,0.0,83
2026-09-16T08:00,70.3,67.3,3065.0,64.1,69.1,56.0,28.9,58,2.5,225,1011.7,0.0,80
2026-09-16T09:00,59.6,58.0,2253.0,50.4,65.7,105.0,30.8,49,2.9,248,1012.0,0.0,81
2026-09-16T10:00,55.5,54.1,1650.0,38.2,61.4,153.0,32.7,42,1.5,315,1011.6,0.0,80
2026-09-16T11:00,50.3,48.9,1579.0,28.6,55.0,199.0,34.2,37,3.8,360,1010.5,0.0,80
2026-09-16T12:00,52.5,51.2,1717.0,20.5,47.7,245.0,35.4,35,7.1,7,1009.2,0.0,75
2026-09-16T13:00,54.8,53.6,1785.0,16.0,42.3,274.0,34.9,36,8.5,6,1008.6,0.0,63
2026-09-16T14:00,56.5,55.3,1652.0,16.5,40.5,281.0,33.5,42,13.6,11,1008.3,0.3,57
2026-09-16T15:00,57.2,55.9,1448.0,20.7,40.8,272.0,32.2,50,12.4,2,1008.0,0.3,52
2026-09-16T16:00,58.7,57.3,1283.0,26.9,41.3,249.0,31.4,48,12.1,3,1008.3,0.0,63
2026-09-16T17:00,57.0,54.9,1201.0,35.2,40.9,204.0,30.7,51,9.8,13,1008.5,0.0,26
2026-09-16T18:00,52.9,50.2,1158.0,45.6,40.7,144.0,29.8,57,8.5,354,1009.0,0.0,33
2026-09-16T19:00,57.7,53.9,1137.0,60.8,38.6,68.0,29.7,59,5.7,349,1010.3,0.0,27
2026-09-16T20:00,61.5,57.4,1102.0,66.2,42.4,55.0,29.2,62,3.1,357,1010.9,0.0,14
2026-09-16T21:00,71.5,67.5,1089.0,73.8,47.6,36.0,29.0,63,0.3,45,1011.4,0.0,10
2026-09-16T22:00,83.8,80.6,1192.0,80.2,51.9,21.0,28.8,65,1.7,139,1011.7,0.0,2
2026-09-16T23:00,100.1,97.1,1532.0,84.4,54.4,11.0,28.6,65,2.9,133,1011.5,0.0,2
2026-09-17T00:00,120.6,117.3,1988.0,87.4,56.0,4.0,28.2,66,4.6,141,1010.8,0.0,1
2026-09-17T01:00,139.7,136.0,2291.0,88.7,56.2,0.0,28.0,64,3.2,117,1010.5,0.0,3
2026-09-17T02:00,154.1,150.9,2202.0,87.1,53.3,0.0,27.3,70,3.1,103,1010.2,0.0,1
2026-09-17T03:00,163.9,160.2,1960.0,83.9,49.2,0.0,26.9,72,3.0,104,1010.2,0.0,6
2026-09-17T04:00,169.0,164.8,2016.0,82.2,48.5,0.0,26.4,74,3.7,129,1010.3,0.0,48
2026-09-17T05:00,175.1,171.4,2783.0,84.4,54.3,0.0,25.9,78,4.0,153,1010.4,0.0,88
2026-09-17T06:00,191.9,188.1,3848.0,88.1,63.6,1.0,25.6,81,3.7,166,1010.8,0.0,79
2026-09-17T07:00,92.4,88.7,4417.0,85.5,87.1,17.0,27.1,72,3.1,170,1011.3,0.0,39
2026-09-17T08:00,62.2,57.5,4005.0,79.1,87.4,48.0,28.8,63,1.0,121,1011.7,0.0,9
2026-09-17T09:00,57.2,52.0,3097.0,69.7,87.3,93.0,30.6,54,0.9,323,1011.8,0.0,9
2026-09-17T10:00,57.4,53.9,2353.0,59.3,84.2,142.0,32.2,47,1.4,320,1011.1,0.0,1
2026-09-17T11:00,53.9,51.9,2049.0,46.5,75.3,198.0,33.6,42,3.3,347,1010.0,0.0,2
2026-09-17T12:00,53.6,52.0,1908.0,32.5,63.3,256.0,34.4,40,7.2,360,1009.0,0.0,15
2026-09-17T13:00,56.0,54.6,1763.0,23.1,53.9,297.0,34.3,42,8.8,358,1008.1,0.1,20
2026-09-17T14:00,60.3,58.8,1522.0,20.1,49.6,313.0,32.8,49,13.7,360,1007.6,0.6,39
2026-09-17T15:00,62.4,60.8,1275.0,21.7,48.0,310.0,31.8,52,12.9,9,1007.2,0.2,34
2026-09-17T16:00,62.2,60.3,1130.0,27.4,47.3,287.0,31.5,50,11.4,5,1007.2,0.0,75
2026-09-17T17:00,67.3,64.5,1182.0,39.8,47.5,230.0,30.5,56,11.1,7,1007.5,0.0,91
2026-09-17T18:00,67.5,64.7,1335.0,56.4,48.6,152.0,29.5,63,8.2,14,1008.2,0.0,86
2026-09-17T19:00,48.0,43.3,1404.0,49.9,37.3,77.0,29.7,61,6.9,41,1009.6,0.0,35
2026-09-17T20:00,49.4,45.1,1283.0,55.0,39.9,63.0,29.2,63,6.4,47,1010.4,0.0,26
2026-09-17T21:00,64.0,59.8,1078.0,62.1,43.6,44.0,29.0,64,6.0,57,1010.9,0.0,23
2026-09-17T22:00,82.0,76.8,921.0,68.6,47.8,28.0,28.8,66,4.4,58,1011.1,0.0,16
2026-09-17T23:00,95.7,90.3,868.0,73.8,52.6,18.0,28.6,67,3.3,96,1010.9,0.0,3
2026-09-18T00:00,104.8,99.7,863.0,78.4,57.8,11.0,28.1,70,3.8,135,1010.2,0.0,2
2026-09-18T01:00,111.8,106.4,869.0,81.6,62.1,6.0,27.9,70,3.3,112,1009.8,0.0,3
2026-09-18T02:00,121.1,115.3,818.0,82.4,64.3,2.0,27.4,73,3.1,100,1009.4,0.0,2
2026-09-18T03:00,131.3,125.7,778.0,81.9,65.6,1.0,27.2,75,2.9,86,1009.0,0.0,2
2026-09-18T04:00,141.6,136.4,921.0,81.7,68.6,0.0,26.9,76,2.8,63,1009.1,0.0,11
2026-09-18T05:00,149.5,144.8,1482.0,83.9,76.2,0.0,26.6,79,3.3,96,1009.5,0.0,4
2026-09-18T06:00,171.8,166.7,2225.0,86.6,85.4,0.0,26.4,80,4.9,94,1010.0,0.0,6
2026-09-18T07:00,111.5,105.5,2618.0,82.5,78.6,17.0,28.0,71,5.0,111,1011.0,0.0,45
2026-09-18T08:00,70.5,63.3,2320.0,69.8,71.9,50.0,29.1,66,6.9,105,1011.3,0.0,23
2026-09-18T09:00,60.8,56.8,1671.0,52.2,62.5,96.0,30.3,60,7.3,97,1011.0,0.1,38
2026-09-18T10:00,60.5,58.1,1159.0,37.5,54.1,138.0,31.9,53,6.2,80,1010.4,0.1,13
2026-09-18T11:00,57.7,55.6,972.0,27.9,47.7,175.0,33.5,46,4.4,71,1009.5,0.1,18
2026-09-18T12:00,57.5,55.5,921.0,21.3,42.3,208.0,34.5,43,5.5,17,1008.2,0.1,17
2026-09-18T13:00,60.3,58.3,931.0,19.4,39.0,226.0,34.6,42,9.2,356,1007.5,0.3,32
2026-09-18T14:00,58.0,56.1,937.0,22.7,38.7,224.0,32.8,49,14.5,354,1007.3,1.2,53
2026-09-18T15:00,69.2,67.8,1003.0,30.8,40.4,207.0,31.1,58,13.3,359,1007.1,0.5,52
2026-09-18T16:00,71.5,69.8,1246.0,44.1,42.8,180.0,30.8,58,10.5,3,1007.1,0.0,40
2026-09-18T17:00,82.7,81.3,1849.0,67.2,45.7,137.0,30.1,62,9.6,8,1007.3,0.0,27
2026-09-18T18:00,99.2,98.0,2629.0,95.5,49.3,85.0,29.8,64,7.2,18,1008.1,0.0,30
2026-09-18T19:00,108.3,106.4,3146.0,106.5,50.5,36.0,28.7,69,5.7,125,1009.6,0.4,100
2026-09-18T20:00,110.1,109.0,3185.0,107.1,53.6,31.0,28.0,73,4.9,82,1010.1,0.1,50
2026-09-18T21:00,122.9,122.0,2962.0,107.8,57.7,23.0,27.8,75,3.1,93,1010.8,0.0,84
2026-09-18T22:00,144.8,143.4,2682.0,108.6,60.0,16.0,27.6,76,0.7,360,1011.3,0.0,100
2026-09-18T23:00,168.6,167.6,2381.0,109.8,58.5,10.0,27.7,76,2.5,135,1011.2,0.0,99
2026-09-19T00:00,174.6,173.7,2022.0,110.9,55.3,4.0,27.6,75,3.6,177,1011.0,0.0,88
2026-09-19T01:00,128.5,127.6,1704.0,110.4,53.5,1.0,25.1,87,6.3,275,1011.0,0.8,62
2026-09-19T02:00,88.7,88.0,1363.0,107.2,54.4,2.0,22.8,99,5.9,225,1010.7,4.1,97
2026-09-19T03:00,69.2,68.5,1062.0,102.5,56.7,5.0,23.8,96,4.6,169,1010.4,0.9,42
2026-09-19T04:00,66.8,66.4,1091.0,97.9,60.1,8.0,24.2,97,2.3,108,1010.4,0.1,45
2026-09-19T05:00,78.5,78.0,1783.0,95.4,65.8,5.0,24.4,96,0.8,135,1010.7,0.0,45
2026-09-19T06:00,98.7,98.0,2804.0,93.1,72.6,3.0,24.6,97,2.6,192,1011.1,0.0,23
2026-09-19T07:00,102.2,101.5,3446.0,80.9,67.2,31.0,27.4,79,3.9,124,1011.9,0.0,16
2026-09-19T08:00,75.9,75.0,3332.0,64.7,62.1,79.0,28.5,72,5.5,113,1012.3,0.0,4
2026-09-19T09:00,56.0,54.8,2838.0,42.3,54.8,146.0,29.7,68,6.2,111,1012.3,0.0,2
2026-09-19T10:00,49.6,48.4,2385.0,24.7,48.1,203.0,30.8,64,4.2,95,1011.7,0.0,5
2026-09-19T11:00,48.9,47.8,2108.0,15.6,42.4,242.0,31.7,61,3.1,45,1011.0,0.0,11
2026-09-19T12:00,50.5,49.5,1872.0,11.2,37.2,270.0,32.4,58,4.8,349,1010.0,0.0,19
2026-09-19T13:00,51.5,50.5,1694.0,11.3,33.5,278.0,32.8,55,8.6,334,1008.7,0.4,41
2026-09-19T14:00,54.2,53.2,1484.0,16.8,31.8,258.0,30.9,68,12.1,349,1008.5,0.7,40
2026-09-19T15:00,55.8,54.9,1333.0,26.7,31.5,218.0,31.1,64,11.8,11,1008.2,0.0,19
2026-09-19T16:00,63.6,62.9,1525.0,38.3,32.3,178.0,30.2,67,9.6,30,1008.5,0.1,43
2026-09-19T17:00,66.8,66.1,2399.0,51.6,34.1,142.0,27.2,84,8.1,252,1009.0,1.1,83
2026-09-19T18:00,66.6,65.9,3617.0,66.6,36.9,105.0,25.4,96,8.3,200,1010.1,1.4,57
2026-09-19T19:00,79.4,78.2,4451.0,99.4,43.8,50.0,25.9,97,6.4,205,1011.3,0.9,58
2026-09-19T20:00,92.2,91.3,4517.0,99.1,45.7,43.0,25.9,93,5.7,208,1011.8,0.0,37
2026-09-19T21:00,102.7,101.7,4199.0,98.5,48.2,34.0,26.1,92,4.5,209,1012.3,0.0,27
2026-09-19T22:00,102.9,102.0,3923.0,97.8,49.8,25.0,26.3,90,4.2,162,1012.5,0.0,19
2026-09-19T23:00,109.7,108.7,3873.0,97.3,49.8,17.0,26.1,91,4.9,172,1012.4,0.0,15
2026-09-20T00:00,121.5,120.6,3865.0,96.6,48.8,10.0,25.9,92,4.3,204,1012.0,0.0,12
2026-09-20T01:00,125.7,124.3,3772.0,94.3,47.5,5.0,26.1,93,3.7,191,1011.5,0.0,20
2026-09-20T02:00,125.7,123.9,3459.0,89.1,45.3,2.0,25.8,93,4.8,200,1011.1,0.0,13
2026-09-20T03:00,127.1,124.8,3060.0,82.4,42.8,1.0,25.6,93,4.3,202,1010.9,0.0,15
2026-09-20T04:00,127.1,125.3,2852.0,77.1,42.0,1.0,25.5,93,3.9,202,1011.1,0.0,6
2026-09-20T05:00,128.5,126.7,3101.0,75.9,43.8,0.0,25.4,93,3.8,199,1011.1,0.0,5
2026-09-20T06:00,135.5,134.1,3541.0,76.2,47.3,0.0,25.3,93,3.7,194,1011.6,0.0,6
2026-09-20T07:00,114.6,112.7,3652.0,72.5,51.3,14.0,26.8,89,3.2,180,1013.0,0.0,38
2026-09-20T08:00,76.6,73.6,3091.0,61.5,55.3,66.0,28.1,78,1.2,153,1013.2,0.0,2
2026-09-20T09:00,70.3,69.4,2202.0,46.0,60.5,140.0,29.3,72,2.3,129,1013.1,0.0,7
2026-09-20T10:00,68.0,67.1,1492.0,32.5,61.8,203.0,30.5,66,2.1,110,1012.6,0.0,10
2026-09-20T11:00,61.7,60.8,1176.0,22.6,55.4,249.0,31.6,61,1.7,131,1011.7,0.0,2
2026-09-20T12:00,61.5,60.3,1039.0,14.7,45.0,285.0,32.5,57,1.2,219,1010.3,0.0,2
2026-09-20T13:00,62.9,61.5,952.0,10.0,36.8,303.0,33.6,51,4.5,307,1009.0,0.0,2
2026-09-20T14:00,64.3,62.6,764.0,8.0,32.8,297.0,33.4,53,9.4,313,1008.1,0.0,15
2026-09-20T15:00,63.3,61.9,625.0,9.1,31.0,273.0,32.0,58,11.6,330,1007.5,0.1,33
2026-09-20T16:00,64.7,62.9,853.0,16.3,30.7,238.0,31.1,63,11.8,349,1007.6,0.0,70
2026-09-20T17:00,73.6,71.9,1880.0,34.4,32.6,184.0,29.9,68,12.5,16,1007.8,0.0,48
2026-09-20T18:00,88.5,87.3,3275.0,58.5,36.1,119.0,29.0,73,9.5,21,1008.7,0.0,8
2026-09-20T19:00,102.7,101.3,4063.0,75.3,41.5,78.0,29.1,73,5.9,35,1010.2,0.0,31
2026-09-20T20:00,106.9,105.2,3651.0,74.7,42.1,70.0,28.6,78,5.1,48,1011.0,0.1,41
2026-09-20T21:00,112.5,110.1,2632.0,73.8,42.9,59.0,28.2,80,2.1,160,1011.4,0.0,44
2026-09-20T22:00,117.1,114.6,1807.0,72.7,42.6,48.0,27.8,84,3.1,204,1011.5,0.2,23
2026-09-20T23:00,121.1,118.3,1474.0,71.7,40.0,39.0,27.4,87,4.7,180,1011.5,0.1,48
2026-09-21T00:00,122.5,119.7,1335.0,70.5,36.3,31.0,26.9,90,4.7,171,1010.9,0.0,17
2026-09-21T01:00,118.7,116.4,1302.0,68.0,34.3,26.0,26.0,91,0.7,256,1010.4,0.0,20
2026-09-21T02:00,104.3,102.4,1346.0,62.3,35.4,28.0,25.7,94,1.8,233,1010.0,0.1,30
2026-09-21T03:00,92.0,89.9,1496.0,55.2,38.2,33.0,24.9,92,8.3,231,1009.9,0.3,63
2026-09-21T04:00,80.1,78.2,1751.0,51.2,41.1,36.0,23.0,98,8.5,264,1010.3,4.2,95
2026-09-21T05:00,70.3,68.7,2264.0,54.3,44.0,29.0,22.7,100,3.6,360,1010.5,8.9,100
2026-09-21T06:00,88.7,87.3,2882.0,60.3,46.9,20.0,23.2,98,5.2,46,1010.6,6.1,100
2026-09-21T07:00,143.0,141.6,3145.0,64.8,47.1,33.0,26.7,86,2.4,207,1011.2,2.0,11
2026-09-21T08:00,118.0,115.3,2733.0,54.9,48.5,70.0,29.0,66,3.9,137,1011.7,0.0,2
2026-09-21T09:00,75.2,72.4,1968.0,41.1,50.3,123.0,30.7,56,5.0,90,1012.1,0.0,0
2026-09-21T10:00,61.0,58.7,1350.0,29.5,50.0,170.0,32.2,50,3.6,84,1011.5,0.0,2
2026-09-21T11:00,58.0,55.9,1068.0,21.7,45.7,208.0,33.5,46,2.0,27,1010.3,0.0,24
2026-09-21T12:00,52.5,50.8,933.0,16.2,39.3,240.0,33.7,47,7.4,326,1009.3,0.0,14
2026-09-21T13:00,56.7,54.9,889.0,14.3,34.7,255.0,34.1,46,9.9,335,1008.1,0.6,41
2026-09-21T14:00,52.0,50.5,819.0,15.6,33.4,248.0,33.8,48,11.7,351,1007.3,0.5,52
2026-09-21T15:00,57.9,56.5,840.0,20.4,33.9,223.0,33.1,49,11.6,355,1006.7,0.0,17
2026-09-21T16:00,61.9,60.8,1236.0,31.7,35.2,190.0,32.3,49,11.4,16,1006.6,0.0,45
2026-09-21T17:00,72.9,72.2,2321.0,55.1,37.3,142.0,31.7,51,4.1,360,1007.2,0.0,88
2026-09-21T18:00,87.3,86.6,3783.0,84.9,40.2,84.0,30.6,56,6.7,109,1008.1,0.0,57
2026-09-21T19:00,38.5,38.2,4967.0,95.9,37.7,47.0,26.4,82,6.5,120,1009.2,0.0,59
2026-09-21T20:00,51.8,51.3,5630.0,95.7,39.8,41.0,26.7,77,5.2,168,1010.0,0.0,52
2026-09-21T21:00,67.8,67.3,6017.0,95.3,42.7,34.0,26.9,77,5.4,138,1010.3,0.0,51
2026-09-21T22:00,80.8,80.1,6203.0,94.5,44.6,27.0,27.1,77,4.3,152,1010.6,0.0,66
2026-09-21T23:00,90.8,90.1,6150.0,92.8,44.3,23.0,27.2,76,3.8,177,1010.5,0.0,61
2026-09-22T00:00,100.6,100.1,5897.0,90.7,42.9,20.0,27.1,77,3.0,197,1009.9,0.0,75
2026-09-22T01:00,113.6,112.9,5641.0,89.1,42.0,17.0,27.6,75,2.3,203,1009.5,0.0,98
2026-09-22T02:00,126.7,125.7,5386.0,88.1,41.9,12.0,27.2,76,2.1,200,1009.0,0.0,98
2026-09-22T03:00,134.1,133.2,5127.0,87.6,42.4,7.0,26.8,79,1.8,191,1008.6,0.0,98
2026-09-22T04:00,135.5,134.6,5047.0,88.3,44.1,5.0,26.4,80,2.5,210,1008.8,0.0,98
2026-09-22T05:00,139.2,138.3,5470.0,93.6,48.2,4.0,26.0,82,3.2,223,1009.0,0.0,98
2026-09-22T06:00,155.5,154.6,6073.0,100.2,53.5,7.0,25.8,83,3.8,205,1009.7,0.0,98
2026-09-22T07:00,171.8,169.5,6067.0,85.9,51.5,29.0,27.7,72,2.7,184,1010.4,0.0,98
2026-09-22T08:00,104.8,102.4,4850.0,70.6,52.6,65.0,29.6,62,3.7,104,1011.0,0.0,98
2026-09-22T09:00,70.3,66.8,3024.0,49.4,53.9,115.0,31.4,54,4.5,95,1011.0,0.0,98
2026-09-22T10:00,59.4,57.3,1614.0,32.3,53.4,162.0,33.1,47,2.5,90,1010.7,0.0,97
2026-09-22T11:00,57.7,55.9,1054.0,22.8,49.4,203.0,34.8,40,2.1,322,1009.6,0.0,98
2026-09-22T12:00,55.4,53.8,910.0,17.4,43.6,241.0,35.0,39,7.9,327,1008.6,0.0,97
2026-09-22T13:00,56.8,55.4,900.0,16.0,39.2,259.0,34.4,42,11.5,343,1007.9,0.2,98
2026-09-22T14:00,61.9,60.5,971.0,17.7,37.1,249.0,33.4,47,11.7,358,1007.2,0.7,98
2026-09-22T15:00,58.9,57.6,1177.0,23.3,36.4,220.0,32.7,49,11.8,13,1006.8,0.1,98
2026-09-22T16:00,68.7,67.3,1392.0,35.7,37.7,183.0,32.4,51,9.5,10,1006.7,0.1,88
2026-09-22T17:00,74.5,73.3,1632.0,60.1,41.2,135.0,30.9,59,9.6,354,1007.3,0.1,80
2026-09-22T18:00,84.1,83.4,1881.0,91.2,46.7,78.0,29.8,65,7.0,13,1008.3,0.2,56
2026-09-22T19:00,94.5,93.6,1975.0,101.8,45.7,52.0,29.9,63,5.8,70,1009.5,0.0,48
2026-09-22T20:00,113.2,112.2,1741.0,109.9,52.7,40.0,29.3,67,5.2,94,1010.3,0.0,68
2026-09-22T21:00,112.0,111.3,1352.0,121.0,62.3,22.0,28.5,71,5.2,106,1010.9,0.0,83
2026-09-22T22:00,127.1,126.7,1154.0,128.2,69.3,9.0,27.9,74,3.4,96,1011.3,0.0,98
2026-09-22T23:00,147.1,146.7,1357.0,128.3,71.2,3.0,27.7,75,4.2,168,1010.7,0.0,94
2026-09-23T00:00,161.1,160.2,1752.0,124.6,70.6,1.0,27.4,75,2.1,239,1010.8,0.0,97
2026-09-23T01:00,154.6,154.1,2061.0,119.9,69.4,0.0,27.5,73,1.9,253,1010.3,0.0,98
2026-09-23T02:00,151.8,151.3,2086.0,114.4,67.9,0.0,27.0,76,3.3,276,1009.6,0.0,96
2026-09-23T03:00,148.5,148.1,2024.0,107.8,66.0,1.0,26.7,78,3.6,264,1009.4,0.0,84
2026-09-23T04:00,147.6,147.1,2190.0,102.5,64.8,3.0,26.4,80,3.8,259,1009.5,0.0,77
2026-09-23T05:00,149.5,149.0,2932.0,101.2,65.2,0.0,26.1,83,4.2,245,1009.9,0.0,30
2026-09-23T06:00,156.5,156.0,3902.0,101.0,66.4,0.0,25.8,86,4.2,230,1010.3,0.0,7
2026-09-23T07:00,155.1,153.7,4369.0,87.7,67.0,14.0,27.2,78,2.6,205,1011.2,0.0,25
2026-09-23T08:00,118.3,116.4,3857.0,75.7,69.8,64.0,28.7,69,2.2,145,1011.9,0.0,3
2026-09-23T09:00,80.8,79.4,2842.0,58.9,73.3,134.0,30.2,61,3.2,109,1011.9,0.0,5
2026-09-23T10:00,71.5,70.3,2019.0,43.9,73.5,199.0,31.6,56,2.3,94,1011.3,0.0,2
2026-09-23T11:00,67.3,66.1,1668.0,32.2,67.3,255.0,32.9,51,1.3,106,1009.9,0.0,3
2026-09-23T12:00,70.1,68.9,1509.0,22.3,57.6,306.0,34.1,47,2.0,355,1008.4,0.0,5
2026-09-23T13:00,72.2,71.0,1400.0,17.2,49.8,334.0,34.5,46,7.6,357,1007.4,0.0,6
2026-09-23T14:00,73.8,72.6,1274.0,17.1,45.1,329.0,33.4,52,11.6,355,1006.5,0.1,52
2026-09-23T15:00,70.8,69.6,1197.0,21.7,42.1,302.0,32.3,54,13.7,2,1006.0,0.2,65
2026-09-23T16:00,73.8,72.6,1225.0,32.8,41.9,261.0,31.7,51,12.8,20,1006.2,0.1,35
2026-09-23T17:00,89.6,88.5,1417.0,55.3,45.4,201.0,31.0,53,10.3,12,1006.7,0.0,35
2026-09-23T18:00,89.4,88.2,1715.0,84.4,51.6,127.0,30.2,55,7.3,11,1007.8,0.0,48
2026-09-23T19:00,78.0,76.1,1995.0,71.5,46.3,91.0,29.9,60,6.0,46,1009.2,0.0,16
2026-09-23T20:00,96.6,94.8,2253.0,83.7,54.7,73.0,29.3,65,5.9,63,1009.6,0.0,9
2026-09-23T21:00,116.6,114.6,2495.0,100.4,66.2,48.0,28.9,69,4.3,75,1010.1,0.0,12
2026-09-23T22:00,138.8,136.9,2611.0,112.8,74.3,27.0,28.6,71,3.8,90,1010.1,0.0,5
2026-09-23T23:00,152.7,150.4,2532.0,117.4,76.4,15.0,28.3,74,2.9,97,1010.0,0.0,40
2026-09-24T00:00,163.4,160.2,2328.0,117.7,75.2,8.0,27.9,76,3.5,102,1009.7,0.0,83
2026-09-24T01:00,178.3,175.1,2103.0,115.1,71.8,3.0,27.7,77,4.7,97,1009.4,0.0,99
2026-09-24T02:00,191.9,189.1,1794.0,108.5,64.4,0.0,27.2,81,4.1,105,1008.8,0.0,100
2026-09-24T03:00,199.3,196.5,1464.0,99.1,54.9,0.0,26.9,82,3.2,137,1008.7,0.0,100
2026-09-24T04:00,202.6,199.3,1404.0,91.8,50.1,0.0,26.7,82,3.5,145,1008.8,0.0,100
2026-09-24T05:00,196.0,194.2,1939.0,91.0,55.6,0.0,26.6,83,4.1,142,1009.2,0.0,99
2026-09-24T06:00,193.7,192.3,2743.0,92.3,65.7,0.0,26.5,82,5.1,132,1009.7,0.0,98
2026-09-24T07:00,129.0,128.1,3132.0,91.4,87.2,18.0,27.7,73,5.2,117,1010.6,0.0,100
2026-09-24T08:00,64.3,61.2,2672.0,72.2,74.8,53.0,29.0,67,6.4,108,1011.0,0.0,99
2026-09-24T09:00,48.3,45.9,1797.0,45.5,57.5,102.0,30.5,56,7.8,99,1010.9,0.0,100
2026-09-24T10:00,43.3,41.4,1126.0,24.8,43.6,145.0,32.1,48,7.3,99,1010.6,0.0,99
2026-09-24T11:00,40.9,39.5,918.0,15.6,36.6,175.0,33.4,44,6.0,107,1009.6,0.0,98
2026-09-24T12:00,41.0,39.7,914.0,12.2,32.9,199.0,34.9,40,1.8,323,1008.3,0.0,84
2026-09-24T13:00,41.3,40.2,959.0,11.3,30.5,211.0,34.7,40,7.0,357,1007.7,0.0,88
2026-09-24T14:00,41.4,40.4,1001.0,10.5,28.3,211.0,34.1,44,11.7,9,1007.2,0.2,41
2026-09-24T15:00,41.2,40.2,1092.0,12.1,27.3,199.0,33.3,48,11.6,5,1006.7,1.4,75
2026-09-24T16:00,40.5,39.5,1236.0,19.7,28.4,176.0,31.9,54,11.8,23,1006.7,0.4,29
2026-09-24T17:00,48.0,47.0,1464.0,38.8,32.6,134.0,31.3,53,10.9,31,1007.4,0.0,9
2026-09-24T18:00,68.7,67.5,1745.0,63.9,38.9,80.0,30.3,55,9.3,40,1008.4,0.0,27
2026-09-24T19:00,65.9,64.5,1992.0,62.6,38.3,58.0,29.8,63,7.5,80,1009.5,0.0,23
2026-09-24T20:00,76.1,74.3,2185.0,67.9,40.1,47.0,29.1,69,5.0,88,1010.5,0.0,29
2026-09-24T21:00,85.4,83.4,2345.0,75.1,42.5,31.0,28.6,73,5.0,90,1011.1,0.0,23
2026-09-24T22:00,92.9,90.3,2447.0,79.9,43.9,19.0,28.2,75,6.2,102,1011.4,0.0,82
2026-09-24T23:00,98.3,94.1,2496.0,80.3,43.4,13.0,27.8,79,5.2,117,1011.6,0.0,73
2026-09-25T00:00,100.4,95.9,2487.0,78.3,41.8,11.0,27.5,80,6.2,111,1011.0,0.0,79
2026-09-25T01:00,104.5,100.6,2377.0,75.9,40.0,9.0,27.2,78,5.5,103,1010.8,0.0,34
2026-09-25T02:00,108.5,105.5,2037.0,72.8,36.8,6.0,26.7,82,4.5,113,1010.0,0.0,28
2026-09-25T03:00,118.5,115.7,1595.0,69.2,33.4,3.0,26.4,83,3.9,112,1009.7,0.0,44
2026-09-25T04:00,124.3,121.5,1396.0,67.5,34.2,3.0,26.2,85,3.7,129,1009.7,0.0,4
2026-09-25T05:00,127.6,124.8,1735.0,71.5,43.7,2.0,26.0,85,3.0,128,1009.9,0.0,5
2026-09-25T06:00,137.8,134.6,2316.0,77.4,57.3,2.0,26.0,84,3.1,114,1010.5,0.0,0
2026-09-25T07:00,114.1,108.7,2596.0,68.1,61.6,21.0,27.3,76,3.6,90,1011.3,0.0,2
2026-09-25T08:00,69.2,61.2,2242.0,56.6,58.6,52.0,29.0,69,4.9,84,1011.8,0.0,2
2026-09-25T09:00,59.3,50.5,1587.0,40.5,54.3,97.0,30.9,60,6.3,92,1011.9,0.0,3
2026-09-25T10:00,59.4,50.3,1090.0,27.4,49.8,139.0,32.8,53,6.7,104,1011.7,0.0,33
2026-09-25T11:00,51.3,47.6,945.0,19.4,45.0,179.0,33.9,50,4.7,99,1010.7,0.0,16
2026-09-25T12:00,49.9,47.6,958.0,14.3,40.0,217.0,35.0,46,2.7,20,1009.3,0.0,8
2026-09-25T13:00,53.4,51.2,1004.0,12.8,35.9,235.0,34.6,46,8.4,345,1008.8,0.0,40
2026-09-25T14:00,50.4,48.5,1012.0,14.4,32.8,224.0,34.1,46,9.8,7,1008.1,0.2,87
2026-09-25T15:00,54.4,52.6,1053.0,19.6,30.6,194.0,34.3,42,11.1,27,1007.5,0.1,66
2026-09-25T16:00,54.4,53.1,1216.0,31.0,30.8,159.0,33.2,45,12.9,35,1007.5,0.0,75
2026-09-25T17:00,72.4,71.2,1650.0,54.4,35.0,117.0,32.2,47,11.7,44,1008.0,0.0,78
2026-09-25T18:00,93.1,92.2,2206.0,84.0,41.4,70.0,31.2,51,10.0,56,1008.9,0.0,73
2026-09-25T19:00,112.0,110.8,2528.0,100.6,45.4,32.0,30.3,58,6.9,85,1010.2,0.0,88
2026-09-25T20:00,105.9,104.8,2430.0,99.5,46.3,28.0,29.6,61,6.7,96,1010.4,0.0,95
2026-09-25T21:00,116.4,115.0,2098.0,97.9,47.4,22.0,29.2,64,5.7,108,1010.8,0.0,98
2026-09-25T22:00,128.5,126.7,1733.0,96.2,47.7,16.0,28.9,67,4.4,109,1011.1,0.0,96
2026-09-25T23:00,139.2,137.8,1356.0,94.7,46.5,12.0,28.7,70,4.4,117,1011.0,0.0,44
2026-09-26T00:00,146.2,144.4,946.0,93.2,44.6,8.0,28.3,73,4.6,108,1010.6,0.0,8
2026-09-26T01:00,148.1,146.7,640.0,91.5,43.0,5.0,28.3,70,6.1,93,1010.2,0.0,79
2026-09-26T02:00,146.2,144.4,434.0,89.4,41.6,2.0,27.8,72,5.6,107,1009.7,0.0,54
2026-09-26T03:00,146.7,144.8,333.0,87.2,40.6,0.0,27.5,73,4.7,106,1009.5,0.0,42
2026-09-26T04:00,148.5,147.1,488.0,85.4,41.6,0.0,27.2,74,4.1,135,1009.7,0.0,36
2026-09-26T05:00,149.9,149.0,1169.0,85.7,45.9,0.0,26.9,77,3.6,174,1010.1,0.0,1
2026-09-26T06:00,158.3,157.9,2105.0,86.4,52.2,0.0,26.7,79,3.4,196,1010.2,0.0,0
2026-09-26T07:00,154.6,153.2,2640.0,85.9,67.2,20.0,28.0,74,3.6,174,1011.3,0.0,2
2026-09-26T08:00,125.7,123.4,2376.0,70.9,65.9,67.0,29.7,64,3.7,101,1011.6,0.0,8
2026-09-26T09:00,92.7,90.6,1711.0,50.0,63.9,132.0,31.5,57,4.0,100,1012.0,0.0,8
2026-09-26T10:00,83.4,81.0,1177.0,33.0,60.1,187.0,33.2,51,3.5,62,1011.5,0.0,14
2026-09-26T11:00,73.6,71.5,967.0,22.9,53.0,224.0,34.2,48,4.3,358,1010.6,0.0,8
2026-09-26T12:00,74.0,72.2,890.0,16.7,44.1,250.0,33.1,53,9.8,353,1009.3,0.1,12
2026-09-26T13:00,95.5,92.9,902.0,14.6,37.5,260.0,31.9,55,9.1,339,1008.9,0.2,62
2026-09-26T14:00,68.7,67.1,951.0,15.7,34.8,248.0,33.7,47,8.2,32,1007.6,0.4,13
2026-09-26T15:00,70.1,68.9,1091.0,20.9,34.4,220.0,33.4,48,11.8,28,1006.6,0.1,12
2026-09-26T16:00,66.1,65.2,1439.0,33.0,35.4,185.0,32.2,52,11.3,33,1006.6,1.6,61
2026-09-26T17:00,64.7,64.3,2076.0,58.4,38.3,139.0,31.1,58,7.7,36,1007.1,1.1,43
2026-09-26T18:00,78.7,78.2,2921.0,90.7,42.7,85.0,30.7,59,5.0,90,1007.9,0.0,47
2026-09-26T19:00,77.8,77.1,3855.0,65.7,34.6,82.0,29.3,70,7.4,157,1009.0,0.0,18
2026-09-26T20:00,94.5,94.1,5152.0,75.2,37.4,64.0,28.9,70,6.8,169,1009.5,0.0,5
2026-09-26T21:00,116.4,115.7,6538.0,88.2,41.2,40.0,28.4,73,5.2,174,1010.1,0.0,34
2026-09-26T22:00,138.3,137.8,7069.0,98.0,44.0,21.0,28.1,76,3.4,155,1010.4,0.0,18
2026-09-26T23:00,149.9,149.5,6023.0,101.7,44.7,12.0,28.0,78,2.2,114,1010.5,0.0,41
2026-09-27T00:00,154.6,154.1,4122.0,102.1,44.2,8.0,27.7,81,2.5,150,1010.3,0.0,10
2026-09-27T01:00,151.3,150.9,2588.0,100.6,43.6,6.0,27.6,78,2.3,162,1009.7,0.0,23
2026-09-27T02:00,145.3,144.8,1840.0,97.0,42.5,4.0,27.0,82,2.6,219,1009.2,0.0,21
2026-09-27T03:00,142.0,142.0,1458.0,91.6,41.1,2.0,26.8,83,2.4,234,1009.0,0.0,18
2026-09-27T04:00,139.2,138.8,1409.0,86.6,41.2,3.0,26.5,85,2.4,222,1008.6,0.0,30
2026-09-27T05:00,140.6,140.2,1909.0,84.2,44.2,0.0,26.1,86,3.0,232,1008.9,0.0,4
2026-09-27T06:00,154.1,153.7,2741.0,82.2,48.7,0.0,26.0,88,3.6,237,1009.6,0.0,6
2026-09-27T07:00,128.5,127.6,3217.0,70.5,54.1,21.0,27.8,70,2.7,200,1010.5,0.0,3
2026-09-27T08:00,81.0,79.6,2968.0,60.0,55.2,71.0,29.1,65,2.3,176,1011.1,0.0,4
2026-09-27T09:00,72.9,71.2,2363.0,45.2,56.6,141.0,30.3,60,2.2,138,1011.3,0.0,35
2026-09-27T10:00,67.5,66.4,1816.0,32.7,56.0,200.0,31.5,57,0.0,270,1011.2,0.0,80
2026-09-27T11:00,61.9,60.8,1447.0,23.9,51.8,239.0,32.7,53,2.1,15,1010.8,0.0,79
2026-09-27T12:00,58.3,57.0,1135.0,17.2,45.7,267.0,33.5,50,4.1,2,1009.7,0.0,57
2026-09-27T13:00,58.8,57.5,934.0,14.6,40.7,277.0,33.0,51,7.9,347,1008.8,0.2,80
2026-09-27T14:00,60.1,58.7,843.0,16.7,37.7,262.0,32.5,52,7.2,357,1008.2,0.2,66
2026-09-27T15:00,69.6,68.5,862.0,22.8,35.7,229.0,32.2,53,1.7,229,1007.9,1.6,53
2026-09-27T16:00,72.9,71.9,1047.0,32.5,35.1,191.0,31.4,56,4.1,326,1007.9,0.3,20
2026-09-27T17:00,69.4,68.2,1500.0,48.8,36.1,148.0,30.5,60,4.2,324,1008.3,0.0,52
2026-09-27T18:00,83.1,82.2,2118.0,68.7,38.5,101.0,29.6,66,2.7,113,1009.2,0.1,27
2026-09-27T19:00,97.8,97.1,2648.0,83.0,41.5,66.0,28.7,71,6.7,82,1010.4,0.0,13
2026-09-27T20:00,109.7,109.0,3050.0,87.4,45.4,52.0,28.3,71,4.2,70,1011.3,0.0,35
2026-09-27T21:00,119.7,119.2,3364.0,86.1,50.0,51.0,27.8,72,5.0,44,1011.7,0.0,23
2026-09-27T22:00,128.5,128.1,3460.0,83.5,53.8,49.0,27.4,74,2.5,60,1012.0,0.0,17
2026-09-27T23:00,127.6,127.1,3193.0,79.9,56.6,44.0,27.1,78,1.3,196,1011.7,0.0,16
2026-09-28T00:00,120.1,119.7,2708.0,74.8,58.6,38.0,26.8,79,2.8,225,1011.4,0.0,14
2026-09-28T01:00,96.6,96.4,2311.0,71.0,58.9,32.0,26.4,84,3.3,189,1010.7,0.0,7
2026-09-28T02:00,93.1,92.9,2049.0,69.7,56.0,23.0,26.2,87,2.4,207,1010.4,0.0,15
2026-09-28T03:00,96.2,95.7,1874.0,69.6,51.5,13.0,26.1,88,2.3,209,1010.0,0.1,9
2026-09-28T04:00,99.9,99.4,1948.0,69.7,48.7,7.0,26.0,88,3.2,196,1010.0,0.0,9
2026-09-28T05:00,106.4,105.7,2565.0,70.7,49.5,2.0,25.8,89,3.4,196,1010.3,0.0,7
2026-09-28T06:00,119.0,117.1,3429.0,71.8,52.1,0.0,25.7,90,3.6,174,1010.7,0.0,2
2026-09-28T07:00,116.6,115.0,3819.0,69.4,54.4,19.0,26.9,81,2.2,156,1011.7,0.0,2
2026-09-28T08:00,93.4,92.4,3263.0,60.7,56.3,72.0,28.7,70,2.7,67,1012.5,0.0,5
2026-09-28T09:00,76.1,75.4,2232.0,48.5,57.9,145.0,30.1,64,3.9,56,1012.8,0.0,17
2026-09-28T10:00,61.2,60.5,1413.0,37.4,57.3,209.0,31.4,57,3.4,58,1012.4,0.1,14
2026-09-28T11:00,57.4,56.8,1079.0,28.0,52.6,257.0,32.7,52,4.3,33,1011.4,0.1,10
2026-09-28T12:00,58.9,58.2,957.0,19.7,45.8,296.0,33.2,51,7.0,3,1010.4,0.0,16
2026-09-28T13:00,61.9,61.2,916.0,15.7,40.8,314.0,33.1,54,9.4,352,1009.4,0.1,19
2026-09-28T14:00,63.6,62.9,889.0,16.2,39.3,305.0,32.7,54,11.9,10,1008.7,0.9,62
2026-09-28T15:00,64.7,64.0,942.0,21.1,39.6,276.0,30.9,64,8.7,22,1008.4,1.7,99
2026-09-28T16:00,70.8,69.6,1146.0,32.5,40.9,236.0,29.9,69,8.0,355,1008.3,1.6,66
2026-09-28T17:00,85.9,85.0,1585.0,55.9,43.2,179.0,30.0,69,4.9,10,1008.5,0.0,28
2026-09-28T18:00,103.4,102.4,2174.0,85.9,46.5,112.0,28.3,77,5.6,119,1009.5,0.8,15
2026-09-28T19:00,109.0,108.3,2732.0,108.8,50.2,59.0,27.9,80,4.0,117,1010.3,0.2,17
2026-09-28T20:00,124.8,124.3,3252.0,119.1,55.2,34.0,28.1,80,2.0,90,1011.5,0.0,16
2026-09-28T21:00,150.4,150.4,3741.0,122.5,60.7,23.0,26.7,84,5.1,51,1012.7,0.4,70
2026-09-28T22:00,150.9,150.9,4034.0,121.8,63.3,17.0,25.6,89,1.8,45,1012.9,1.1,5
2026-09-28T23:00,149.5,149.0,4084.0,116.5,60.6,12.0,25.7,90,1.5,249,1012.6,0.2,4
2026-09-29T00:00,140.2,139.7,3939.0,107.2,55.1,12.0,25.8,90,2.1,232,1012.3,0.0,9
2026-09-29T01:00,143.4,143.0,3575.0,99.1,50.5,11.0,25.7,92,3.0,205,1011.3,0.0,2
2026-09-29T02:00,153.7,153.2,2756.0,94.0,47.5,7.0,25.6,94,2.8,207,1010.8,0.0,14
2026-09-29T03:00,162.5,162.1,1719.0,90.2,45.5,2.0,25.5,95,1.9,221,1010.8,0.0,11
2026-09-29T04:00,166.7,166.2,1153.0,87.5,46.2,2.0,25.4,96,2.5,188,1011.0,0.0,9
2026-09-29T05:00,178.3,177.9,1581.0,88.2,52.6,4.0,25.4,96,3.5,165,1011.4,0.0,56
2026-09-29T06:00,193.7,193.2,2480.0,90.0,61.8,10.0,25.5,96,2.9,202,1011.8,0.0,23
2026-09-29T07:00,183.5,183.0,2965.0,85.8,66.9,30.0,26.6,87,1.8,186,1012.4,0.0,33
2026-09-29T08:00,102.9,101.0,2540.0,69.6,64.5,73.0,28.2,76,4.3,107,1013.1,0.0,27
2026-09-29T09:00,77.8,75.9,1702.0,47.5,58.0,130.0,29.7,68,5.4,86,1013.1,0.0,26
2026-09-29T10:00,68.5,66.6,1057.0,29.8,51.4,178.0,31.1,62,5.3,82,1012.5,0.1,19
2026-09-29T11:00,64.0,62.2,852.0,20.4,45.1,212.0,32.1,60,6.5,58,1011.3,0.2,24
2026-09-29T12:00,60.1,58.3,840.0,15.5,38.7,238.0,32.7,58,6.7,34,1009.7,0.2,18
2026-09-29T13:00,60.3,58.7,892.0,14.6,34.1,247.0,33.0,58,7.6,7,1008.5,0.0,88
2026-09-29T14:00,61.0,59.3,930.0,16.9,32.0,233.0,30.9,65,10.5,353,1007.9,0.0,70
2026-09-29T15:00,60.8,59.1,1031.0,23.2,31.8,202.0,30.9,66,7.6,18,1008.0,0.9,51
2026-09-29T16:00,67.5,65.9,1295.0,35.6,34.0,165.0,30.7,63,8.7,45,1008.2,0.3,26
2026-09-29T17:00,75.2,73.3,1842.0,59.9,40.0,120.0,30.3,66,7.2,87,1008.6,0.3,39
2026-09-29T18:00,100.8,99.2,2551.0,90.3,48.3,69.0,28.8,73,6.0,139,1009.4,0.3,9
2026-09-29T19:00,129.9,127.6,3161.0,111.0,54.9,31.0,28.3,77,5.2,158,1010.3,0.1,23
2026-09-29T20:00,115.5,113.6,3551.0,113.3,57.9,16.0,28.0,80,3.1,144,1011.1,0.0,13
2026-09-29T21:00,111.5,109.7,3842.0,106.0,59.0,14.0,27.7,83,3.1,118,1011.8,0.0,84
2026-09-29T22:00,112.7,111.1,4132.0,99.5,59.9,14.0,27.4,85,2.2,138,1012.3,0.0,88
2026-09-29T23:00,106.6,105.2,4655.0,97.5,60.8,11.0,27.1,87,2.2,156,1012.1,0.0,20
2026-09-30T00:00,119.0,118.0,5177.0,96.3,61.4,10.0,26.9,86,2.1,160,1011.5,0.0,86
2026-09-30T01:00,122.5,121.5,5099.0,95.2,62.0,9.0,26.6,87,2.3,113,1010.7,0.0,81
2026-09-30T02:00,120.6,119.2,3764.0,93.7,61.8,7.0,26.3,87,3.7,113,1010.2,0.0,80
2026-09-30T03:00,128.5,127.1,1830.0,92.3,61.7,6.0,26.1,86,4.1,124,1010.0,0.0,66
2026-09-30T04:00,133.2,132.7,669.0,91.9,64.5,6.0,25.9,86,4.2,149,1010.0,0.0,32
2026-09-30T05:00,134.6,134.1,1173.0,95.5,74.2,3.0,25.5,88,4.3,158,1010.3,0.0,14
2026-09-30T06:00,156.9,156.5,2452.0,100.1,86.8,2.0,25.5,88,4.4,150,1010.9,0.0,7
2026-09-30T07:00,154.6,153.7,3202.0,97.7,93.0,16.0,26.7,83,2.6,146,1011.8,0.0,1
2026-09-30T08:00,101.7,100.1,2739.0,82.0,87.5,59.0,28.3,75,3.7,101,1012.6,0.0,1
2026-09-30T09:00,80.1,78.9,1749.0,59.3,75.5,118.0,29.9,67,4.9,90,1012.8,0.0,9
2026-09-30T10:00,63.3,61.9,985.0,40.4,64.0,169.0,31.4,59,6.8,78,1012.5,0.0,28
2026-09-30T11:00,56.2,54.9,754.0,28.8,54.4,208.0,32.4,53,5.9,72,1011.4,0.0,20
2026-09-30T12:00,58.2,56.9,749.0,20.9,45.1,239.0,33.1,51,6.9,51,1010.2,0.1,51
2026-09-30T13:00,58.1,56.7,807.0,16.8,38.4,254.0,32.6,53,8.3,1,1009.4,0.1,76
2026-09-30T14:00,57.5,56.0,887.0,14.8,34.6,249.0,31.7,58,11.1,352,1008.6,0.7,78
2026-09-30T15:00,57.7,56.2,1030.0,16.6,33.3,227.0,30.9,64,9.0,2,1008.3,0.3,95
2026-09-30T16:00,58.7,56.9,1193.0,26.6,35.7,195.0,30.7,65,7.7,11,1008.3,0.0,98
2026-09-30T17:00,67.8,65.9,1362.0,51.9,43.5,145.0,29.9,67,7.0,18,1008.8,0.0,98
2026-09-30T18:00,101.3,99.7,1552.0,85.5,55.0,84.0,29.4,70,4.9,24,1009.4,0.0,95
2026-09-30T19:00,132.2,130.9,1767.0,110.5,66.3,38.0,28.0,75,3.6,143,1010.1,0.3,97
2026-09-30T20:00,160.7,158.8,2052.0,119.4,77.9,19.0,28.0,75,2.3,238,1010.5,0.2,98
2026-09-30T21:00,179.3,177.4,2363.0,119.8,89.2,15.0,27.8,79,1.9,163,1010.8,0.0,93
2026-09-30T22:00,180.2,178.8,2569.0,117.5,94.9,13.0,27.6,80,2.6,146,1011.1,0.0,96
2026-09-30T23:00,187.2,186.3,2574.0,113.4,90.9,9.0,27.2,83,2.7,152,1011.3,0.0,98
2026-10-01T00:00,189.5,188.6,2475.0,106.6,81.2,7.0,27.0,84,1.3,180,1011.2,0.0,98
2026-10-01T01:00,184.9,184.4,2426.0,100.6,72.7,6.0,26.7,85,1.5,225,1010.7,0.0,75
2026-10-01T02:00,178.8,178.3,2484.0,96.4,66.9,5.0,26.3,88,2.7,233,1010.6,0.0,58
2026-10-01T03:00,167.6,167.2,2592.0,92.9,62.4,6.0,25.9,90,4.1,232,1010.4,0.0,37
2026-10-01T04:00,156.9,156.5,2738.0,90.6,60.9,7.0,25.8,91,4.8,228,1010.5,0.0,20
2026-10-01T05:00,149.9,149.5,2977.0,91.6,65.0,4.0,25.9,90,4.5,220,1010.9,0.0,10
2026-10-01T06:00,151.8,151.3,3254.0,93.9,72.3,1.0,26.2,88,3.8,205,1011.4,0.0,4
2026-10-01T07:00,144.8,143.9,3550.3,91.2,77.4,17.0,26.8,83,2.8,191,1011.8,0.0,0
2026-10-01T08:00,89.9,89.2,3340.0,79.3,78.4,65.0,28.2,75,0.9,180,1012.0,0.0,0
2026-10-01T09:00,82.7,81.7,2457.8,62.6,77.3,132.0,29.9,65,1.5,7,1012.0,0.0,0
2026-10-01T10:00,81.3,80.3,1308.0,47.7,74.0,192.0,31.2,59,3.7,11,1011.8,0.0,3
2026-10-01T11:00,78.5,77.5,1017.0,35.7,67.5,243.0,31.8,57,6.2,17,1011.0,0.0,21
2026-10-01T12:00,76.4,75.2,998.0,25.6,58.9,287.0,31.9,58,8.5,21,1009.8,0.0,44
2026-10-01T13:00,75.0,74.0,1037.0,21.0,51.8,305.0,31.7,59,8.9,27,1009.0,0.0,63
2026-10-01T14:00,74.7,73.6,1042.0,23.9,47.4,284.0,31.1,61,5.6,48,1008.7,0.6,71
2026-10-01T15:00,72.6,71.2,1104.0,32.3,44.4,237.0,30.2,64,4.5,124,1008.8,0.6,73
2026-10-01T16:00,80.1,78.9,1275.0,43.9,42.9,190.0,29.2,68,7.3,152,1008.9,0.6,75
2026-10-01T17:00,86.8,85.9,1621.0,59.6,42.9,149.0,28.2,75,6.1,152,1009.4,1.4,77
2026-10-01T18:00,84.3,83.4,2076.0,78.5,44.4,108.0,27.1,83,3.0,128,1010.1,1.4,79
2026-10-01T19:00,72.6,72.2,2501.0,95.6,47.0,73.0,26.3,90,1.9,68,1010.8,1.4,78
2026-10-01T20:00,85.2,84.8,2866.0,110.2,51.6,47.0,26.0,93,2.1,59,1011.6,0.0,74
2026-10-01T21:00,102.0,101.7,3201.0,122.9,57.2,26.0,26.0,93,1.8,79,1012.5,0.0,67
2026-10-01T22:00,115.5,115.0,3455.0,130.7,60.9,12.0,25.9,93,1.7,103,1012.9,0.0,59
2026-10-01T23:00,95.5,95.5,3619.0,131.4,61.0,5.0,25.8,93,1.7,148,1012.6,0.0,48
